"","item","user","rating","timestamp"
"1","A2VNYWOPJ13AFP","0981850006",5,1259798400
"2","A20DWVV8HML3AW","0981850006",5,1371081600
"3","A3RVP3YBYYOPRH","0981850006",5,1257984000
"4","A28XY55TP3Q90O","0981850006",5,1314144000
"5","A3VZW1BGUQO0V3","0981850006",5,1308268800
"6","A2R9T5D7UVQZB0","0981850006",5,1253577600
"7","A2MH49GAEWEI95","0981850006",5,1395532800
"8","A3OGMCRM3NL8OM","144072007X",5,1360108800
"9","A7E1GKNNT96QQ","144072007X",5,1206057600
"10","A1NCJWD2ZQBXW2","1554701503",5,1359849600
"11","AEWNQ9BRLFGJ9","1554701503",5,1363737600
"12","A2BOQ8FQIUM529","1579822932",5,1361577600
"13","A1XTVN0TGNHW92","1579822932",5,1383091200
"14","A18GBCHY5403HO","1579822932",5,1385683200
"15","A30TDTJUGGZU8O","1579822932",5,1374969600
"16","A1JI9EMSFLBVVV","1579822932",5,1386979200
"17","A2HJ6GMOD9F95M","1579822932",5,1404000000
"18","A3P69SFP7ITW5B","1579822932",5,1357862400
"19","AJI75FO7HWC5E","1754164498",5,1395619200
"20","A1BNL262X62X2B","1754164498",5,1380240000
"21","A3M0R431B1EIDD","1754164498",5,1372032000
"22","A2VB6KPGPW5YBO","1885010753",5,1294531200
"23","A1N4UAN0JOS1O8","1938146824",5,1389571200
"24","A1449E3GRNMA44","1938146824",5,1398384000
"25","A2UNRKNB70VTDN","1938146824",5,1388448000
"26","AF6HZ8NS4H96Y","1938146824",5,1402617600
"27","AHYSH53OLJSNL","398501938X",5,1364774400
"28","A1HQCJTZPIUH0T","6035000029",5,1404950400
"29","A3D6HSJ0592MBC","6035000029",5,1394409600
"30","A3R10EULI2QISK","6035000045",5,1369785600
"31","A71C047PYPUZJ","6303146775",5,1338076800
"32","A3GGSAENATIAW1","6304429150",5,1351468800
"33","A2VGX1M2OWDZTN","6304429150",5,1369785600
"34","A1S7H1RAW1W8FJ","6304429150",5,1153094400
"35","A2OAO45W0UXNEW","6304429150",5,1140048000
"36","A2CQAEX92SXVKR","6304429150",5,1238284800
"37","A3JGBEXKVGXI6O","6304429150",5,1355788800
"38","A3EBHHCZO6V2A4","6304429150",5,1237939200
"39","A3KMQ9Z2S8FSU","6304429150",5,1398038400
"40","A2IOV1NUSOVYHK","6304429150",5,1396569600
"41","ATDWXVHJ4X3FQ","6304429150",5,1379808000
"42","A2UQHNURE8ADC2","6304429150",5,1384992000
"43","A7K471PIZXW0R","6304429150",5,1391040000
"44","A20XFO3AT130Z","6304429150",5,1399593600
"45","AFDYHKAH8AJDT","6304429150",5,1143504000
"46","AS6MA9RU3CHKT","6304429150",5,1389139200
"47","A3NZZ7QC8UQBK4","6304429150",5,1390953600
"48","AH2F9VT5KW3RV","6304429150",5,1403395200
"49","A26SN2CVQM4FKM","6304429150",5,1322438400
"50","A2M9GKAVECJ4A","6304429150",5,1325376000
"51","A2XVBE67EDHSK","6304429150",5,1385078400
"52","A285VRV2WU37OJ","6304429150",5,1401235200
"53","A3KJFKOB5T7R97","6304429150",5,1356048000
"54","A92JSULAPXTZE","6304429150",5,987033600
"55","ACUGBCEADYT6D","6304429150",5,1219449600
"56","ACC1SLND21RI6","6304429150",5,1150934400
"57","AWIW2OJ82M488","6304429150",5,1392508800
"58","A3O9LFWZUJWFCK","6304429150",5,1179964800
"59","A1UQIXEDG6B46E","6304429150",5,1401667200
"60","AO1VORBNH279Q","6304429150",5,1389139200
"61","A2JM1JW0VZ4MO0","6304429150",5,1303257600
"62","A2G2AEIR1AC50I","6304429150",5,1403654400
"63","A8ZLF5F9G39DY","6304429150",5,1373673600
"64","A2B73CL3QSYWLB","6304429150",5,1135123200
"65","A39DS25H125ZU6","6304429150",5,1385856000
"66","APZ9MBMUKD2W","6304429150",5,1115596800
"67","A3P1GD23H8E2BY","6304429150",5,1356739200
"68","A2J8TCT3R7NU84","6304429150",5,1203292800
"69","AKUBUYEOWFF1D","6304429150",5,1361059200
"70","A3CERM4YQI6DWD","6304429150",5,1203638400
"71","A34D7TSA7DVEH4","6304429150",5,1046649600
"72","A3CQTPP8BWRBZ2","6304429150",5,1369785600
"73","A34CPHRQ5FL0GI","6304429150",5,1402444800
"74","A13TPM1FDUJEY3","6304429150",5,1390003200
"75","A3D5FWTDHGQAC2","6304429150",5,1378512000
"76","A2CJNAPRFCOUHG","6304429150",5,1365724800
"77","A10WDNYULD0G4U","6304429150",5,1387584000
"78","A20ZSGR94H4CMQ","6304429150",5,1370390400
"79","A9L4EE9AH4KVD","6304429150",5,1363910400
"80","ADS5APY1NKTL4","6304429150",5,1153180800
"81","A1VFICSYK056GC","6304429150",5,1153872000
"82","A13YJQARSRRS6T","6304429150",5,1364083200
"83","A3VA0ND77QLEO8","6304429150",5,1375142400
"84","A3TBCA6LMMRJ9X","6304429150",5,1396137600
"85","A2PEHFN1VA7NJI","6304429150",5,1373932800
"86","ANOJZWKEEFT8V","6304429150",5,1151452800
"87","AHB1G0PICU91S","6304429150",5,1372550400
"88","A1MWPIDDOBOCLJ","6304429150",5,1386115200
"89","ATN8DKVQBKPHS","6304429150",5,1392076800
"90","A1PMK8FLS4SWZ3","6304429150",5,996451200
"91","AMOGWAWI4WWO8","6304429150",5,960940800
"92","A3NG8F7I9G1IF8","6304429150",5,1394236800
"93","A34MATKN7R8HY3","6304429150",5,1366934400
"94","A3V1AHX8P4R839","6304429150",5,1151020800
"95","ASKTZ2XFRY8SE","6304429150",5,1231027200
"96","A363YJRHZSENDM","6304429150",5,1383868800
"97","A38JRUOZOF3V73","6304429150",5,1363910400
"98","A2QAP8H186EU05","6304429150",5,1358294400
"99","A2GXWVHSXNOROE","6304429150",5,1387756800
"100","A3RDMTL8GJ9PI","6304429150",5,1396396800
"101","ADLDRJ4PP5HAD","6304429150",5,1398384000
"102","A2D5LBO12VZX1P","6304429150",5,1217203200
"103","A3UNOBQ38OTP22","6304429150",5,1400198400
"104","A32ZKSOVS4456W","6304429150",5,1394150400
"105","A3F7PFUP4BDG3K","6304429150",5,1395187200
"106","A35E9F3NJG6LH4","6304429150",5,1236902400
"107","A1R31RQS8T9HC4","6304429150",5,1397001600
"108","A15BZU9S5AXMS8","6304429150",5,1387929600
"109","A3EQXFYFY9E9P0","6304429150",5,1378339200
"110","A20JYIHL1W1U54","6304429150",5,1016582400
"111","A2TWNR1G92O51V","6304429150",5,1373846400
"112","A3IQJEHT00QPP7","6304429150",5,1340755200
"113","ADVXKB9IGGWAJ","6304429150",5,1194825600
"114","AW7RS8BOX32JO","6304429150",5,1354924800
"115","A17D2KPMZNWDFC","6304429150",5,1168300800
"116","A2V73JJK3RJ2QP","6304429150",5,1152921600
"117","AHUS8XG6JDS1X","6304429150",5,1401062400
"118","AUG33R1TM3UUP","6304429150",5,1394064000
"119","A2JBLZ0V0E4TF6","6304429150",5,1380672000
"120","A3QE4X5LU8PCAU","6304429150",5,1227398400
"121","AX1TTLITQRRKQ","6304429150",5,1326672000
"122","A38LDMAI24WR0S","6304429150",5,984960000
"123","A3ADCDNVCDRDBI","6304429150",5,1403049600
"124","A3GQA6A9F3PYR1","6304429150",5,970012800
"125","A2CVOE17KS4RTO","6304429150",5,1371772800
"126","AGUHAM5859TEC","6304429150",5,1180656000
"127","A3C6CZC2JP67VK","6304429150",5,1172102400
"128","A3KGZ4Y3XQM7CK","6304429150",5,945475200
"129","A2DFKVGF1KU1EF","6304429150",5,1395100800
"130","A1678XKT044N4B","6304429150",5,1361923200
"131","A30BCAH01SMP22","6304429150",5,1368316800
"132","A2XGGTXBU19RBE","6304429150",5,1394064000
"133","A2RV35LIX1TCSY","6304429150",5,1202860800
"134","A10ODC971MDHV8","6304429150",5,1182902400
"135","A3MBML6VWW8UE0","6304429150",5,1369958400
"136","A2B7UGPK6VUDJR","6304429150",5,1375228800
"137","A1HKW4A2RYT2UR","6304429150",5,1397520000
"138","A3SYQPN6FBMUD5","6304429150",5,1357344000
"139","A392D95WEJNSB9","6304429150",5,1376265600
"140","A1I2PA621HCWBB","6304429150",5,1094256000
"141","A3SEYKZ1THID3N","6304429150",5,1212796800
"142","A35L81CBN2Z8C0","6304429150",5,1320710400
"143","A20RMONHM66BFV","6304429150",5,1357344000
"144","A2KZFH57LY6PB2","6304429150",5,1373155200
"145","APHVEGLW20PLE","6304429150",5,1398470400
"146","A1N4ZGHP2NQGWM","6304429150",5,1401235200
"147","A31U3WV5ZUSWPN","6304429150",5,1177891200
"148","A2R94GIC63Z37","6304429150",5,1376784000
"149","AFUSHE65DVQO8","6304429150",5,1386806400
"150","A1RXUJQRRD1YLK","6304429150",5,1075334400
"151","AVF60NZ99H9D5","6304429150",5,1127692800
"152","A1XGE3V8IVCC7C","6304429150",5,1360281600
"153","A35AERQ1VFWM05","6304429150",5,1377129600
"154","A3NCFEZO6FCWWR","6304429150",5,1402358400
"155","A3T1LIF3TOGZ9E","6304429150",5,1191110400
"156","A1XSITB6EMQXFB","6304429150",5,1377043200
"157","A2TTTUHJ8W6ALS","6304429150",5,1378339200
"158","A1PTPN5SY7C7SW","6304429150",5,1375315200
"159","A1D3HQWSVEMBAV","6304429150",5,1364601600
"160","AHRY3DUPFC5GX","6304429150",5,1397520000
"161","A18AYRYL1TY8VP","6304429150",5,1142553600
"162","A1THJOH56HMRWY","6304429150",5,1366416000
"163","A106059W6NIRG6","6304429150",5,1399420800
"164","A2FMNMQWEEM2J2","6304429150",5,1388620800
"165","A1PWAAL888WN1Q","6304429150",5,1179100800
"166","AP3533J84KNL7","6304429150",5,1376179200
"167","A121OCMN22PHMJ","6304429150",5,983664000
"168","A2XRZV63X79YSJ","6304429150",5,1118880000
"169","A1PNSOEVT2M7TH","6304429150",5,1344038400
"170","AYSYP4W2L8719","6304429150",5,1252281600
"171","A260UEUZAH6RYL","6304429150",5,1395792000
"172","A3DELBKZSWTDLR","6304429150",5,1382400000
"173","A1ZKQDOLILUBH4","6304429150",5,1348012800
"174","A7TYUKPTEPZUE","6304429150",5,1383696000
"175","A3F3D064D0QW95","6304429150",5,1174348800
"176","A27UHZHTVD2AWF","6304429150",5,1404345600
"177","A3QABD7O3UGPE9","6304429150",5,986169600
"178","A1LLUD498MIGPO","6304429150",5,1198713600
"179","AVM3290WD08HF","6304429150",5,1380672000
"180","A3OVWHSW8VRGDF","6304429150",5,1362873600
"181","A27SJ3XSBYFDOS","6304429150",5,1387929600
"182","A18NHT2K1JH5FI","6304429150",5,1181260800
"183","A1VTOCAXSH7CI5","6304429150",5,1391472000
"184","A7I9V673LD57J","6304429150",5,1156032000
"185","A136AL1BFMQEO","6304429150",5,1402531200
"186","A26DGBBHFTCXX3","6304429150",5,1364947200
"187","A1Y28WD8B9C26C","6304429150",5,1376438400
"188","A3GXTW4OYQG1CG","6304429150",5,1377820800
"189","A2UOWTAQ6NO2CP","6304429150",5,1259625600
"190","A28MOSF30E12Q4","6304429150",5,1399075200
"191","A306HG9N51Y11W","6304429150",5,1362268800
"192","A2TGVQLPCPTF3H","6304429150",5,1260144000
"193","A3MWMO2IOQDWBJ","6304429150",5,1200614400
"194","A31U2QT7SAL7K","6304429150",5,1140912000
"195","A2YMZ3FBUT5QLE","6304429150",5,1387929600
"196","A12X2J7AVZ04IQ","6304429150",5,1108512000
"197","A3DPOXBUH9AZF","6304429150",5,1365206400
"198","ABATJDOGPAVZI","6304429150",5,1239494400
"199","AVCAGOV5Y4KRK","6304429150",5,1396310400
"200","A38BPQZ87106P9","6304429150",5,1298073600
"201","A2Z13S415BVS3O","6304429150",5,1358380800
"202","AF58LIEMA9DE9","6304429150",5,1382400000
"203","AO47H1470O6UH","6304429150",5,1394236800
"204","AUGAYIFX3LEG8","6304429150",5,1344902400
"205","A3R2RGA71QWYUP","6304429150",5,1371081600
"206","A9FQ99PZLWOS0","6304429150",5,1109116800
"207","A3IT1MC5W7M9TJ","6304429150",5,1207180800
"208","AOSQ5JIA2X4M","6304429150",5,983232000
"209","A3881RWKRFTPXV","6304429150",5,1376179200
"210","A29Z3R1QK0HT8H","6304429150",5,943920000
"211","A2GCO8W8778OMB","6304429150",5,1174262400
"212","A1A8NFZBNE6MDI","6304429150",5,1213228800
"213","A3VYD1H0UOPT39","6304429150",5,1400198400
"214","A3LXKO2S6G2DBI","6304429150",5,1345507200
"215","AQLUW7ZEQ5ENJ","6304429150",5,1356134400
"216","A3DKP8MGNLFVYC","6304429150",5,1374969600
"217","A2VYZ6FIEQ49I9","6304429150",5,1376265600
"218","A1W968XG1QC6SH","6304429150",5,1390435200
"219","A1V3KRWRLCHXMC","6304429150",5,1274054400
"220","A142ZT4PAZRQRW","6304429150",5,1284076800
"221","A2I7VPVB4AC1PD","6304429150",5,1338940800
"222","A3QUTLN2YLW30Z","6304429150",5,1205020800
"223","AJSA2D3Y76NXN","6304429150",5,1230076800
"224","A2WA40VLJWA5TR","6304429150",5,1392422400
"225","A2RTUZEUT87V92","6304429150",5,1391990400
"226","APZQE8DKMMXKQ","6304429150",5,1370131200
"227","AG5Q7ZGP26RAG","6304429150",5,1395705600
"228","AKNZO5M2CI9JJ","6304429150",5,996969600
"229","A1JBZ635HF1SVO","6304429150",5,1177804800
"230","A2A259Y4H7JIHI","6304429150",5,1239148800
"231","A29JY4FKOW6MNO","6304429150",5,1399766400
"232","A11PWCMW6UXIE5","8386244453",5,1209513600
"233","A2PLZJZY5TO6FB","8805001058",5,1367798400
"234","A2XGLU92QG2B6B","8805002577",5,1370131200
"235","A2XGLU92QG2B6B","8805002585",5,1370131200
"236","AC0L7J3S4MS1U","8805002593",5,1382659200
"237","A2XGLU92QG2B6B","8805002607",5,1370131200
"238","A2XGLU92QG2B6B","8805002631",5,1370131200
"239","A2XGLU92QG2B6B","880500264X",5,1370131200
"240","A2XB2SO2B3OIBJ","8805002666",5,1401753600
"241","A3Q6A6TM346YMJ","8805002666",5,1369094400
"242","A2XGLU92QG2B6B","8805002666",5,1370131200
"243","A2XGLU92QG2B6B","8805002682",5,1370131200
"244","A3OA4APKI1H3E","8805003298",5,1371600000
"245","A3T5JAU7L2U02J","8805003298",5,1368057600
"246","A1J8394S6LSBBL","8805003298",5,1391385600
"247","A2XGLU92QG2B6B","8805003298",5,1370736000
"248","A39W0FNAKNQGLS","8805003298",5,1373846400
"249","A3BP9KK5AZIWW7","8805003298",5,1380067200
"250","A23H4HWJECIADO","8805003549",5,1383868800
"251","A2G90F03S72E8A","8805003573",5,1400025600
"252","A2XGLU92QG2B6B","8805003603",5,1370476800
"253","A2JS7PQTHZZ7OG","B0000001QY",5,1367798400
"254","A1T4JBHGT3Y2BU","B0000001QY",5,1367798400
"255","ADHGQRO0U3R75","B0000001QY",5,1251849600
"256","A2206H4MT4EBBJ","B0000001QY",5,1379462400
"257","A2LF1ICX4KVI78","B0000001QY",5,1093305600
"258","A1ZJ22NXRVK3SO","B0000001QY",5,1354579200
"259","AESR8EXMR8MZR","B0000001QY",5,1262822400
"260","A9Q28YTLYREO7","B0000001QY",5,953424000
"261","A23H7EPC1TNFP7","B0000001QY",5,1310601600
"262","A460GTG5JE494","B0000001QY",5,1399680000
"263","A2VL0OJEYGKF6L","B0000001QY",5,1394668800
"264","A3UJKBO5RLZZI9","B000000923",5,1098144000
"265","A2CW9IQAPFEYLM","B000001ULX",5,1123545600
"266","A1V96UFJQ8HRNK","B000001ULX",5,1312675200
"267","A16H7O2FQ3KWB6","B000001ULX",5,1106524800
"268","A3CM0I3VVNA11K","B000001YZU",5,1357948800
"269","A2MWRK3XBESBA8","B000001YZU",5,1125532800
"270","A14WNNL05MQUQD","B000003GJ2",5,1056931200
"271","A1FJMBMD2JHMG4","B000003GJ2",5,1075766400
"272","A3C67HC4YMLGT4","B000005R78",5,894153600
"273","AUBHHB1F9Q78K","B0000071CF",5,939600000
"274","A20Z5B6UWT34KV","B0000071CF",5,1396656000
"275","A2GKPSS254VJOP","B0000071CF",5,1366761600
"276","A24TRI7N0BWTZS","B00000GC69",5,967507200
"277","A3NTJFG4RELVFE","B00000GC69",5,973382400
"278","A11GK9RL8U9ZE7","B00000GC69",5,993081600
"279","A1T11V8E0BPD4H","B00000I2XI",5,967334400
"280","A3QA4V5F9DFD7C","B00000I2XI",5,1264723200
"281","AKAWI3WJ1W5OM","B00000JAJ8",5,1177545600
"282","APXPKNQ9EYGSF","B00000K2MB",5,989712000
"283","A3GM4EM4F4M5PE","B0000223JC",5,1277942400
"284","AK43Y4WT6FFR3","B0000223JC",5,1384387200
"285","A3IMU6K5OOWYAJ","B0000223JC",5,946339200
"286","AEQPZUSEYDER5","B0000223JC",5,1112400000
"287","A1KYGIL1B3P0GS","B0000223JC",5,1105401600
"288","A283K275UH86GD","B0000223JC",5,1396483200
"289","AYRCWY12J7MKG","B0000223JC",5,1168300800
"290","AHAMCKORJ0G9P","B0000223JC",5,1008115200
"291","A1FTLC2RBYADR4","B0000223JC",5,1293321600
"292","A2NX2Q7UGL6ZBT","B0000223JC",5,1174003200
"293","A220IEW0YRY0DC","B0000223JC",5,1209859200
"294","AUEEW36TVC4X0","B0000223JC",5,1368921600
"295","AMZVDD90UEDL0","B0000223JC",5,1007078400
"296","A2RW5G0F31H5X5","B0000223JC",5,1327276800
"297","ACY9VISJS7NMI","B0000223JC",5,1324944000
"298","A1UQGBG7LDXJX5","B00002240Y",5,1362873600
"299","A1I3FKDQ1SIMBQ","B00002240Y",5,1359504000
"300","AH9TPX4TW5JIO","B00002240Y",5,1354060800
"301","A4HWTN6O6MHVG","B0000224HT",5,1381190400
"302","AW0LKWF6YHIBC","B0000224HT",5,1403222400
"303","A13GUBUMMDLMPJ","B0000224HU",5,1228089600
"304","A1LXKKC3Z2ZFOT","B0000224HU",5,1131580800
"305","A1UJHVUAMM2866","B0000224HU",5,1220572800
"306","A2KANFTOH3S1UX","B0000224HU",5,1004227200
"307","A1I3ZXFZRF1G7T","B0000224HU",5,1184112000
"308","A1228C9QWNXA49","B0000224SB",5,1377475200
"309","A18KAVU7Z1XXJI","B0000224SB",5,1369785600
"310","A368UXN3MFR5XX","B0000224SB",5,1339286400
"311","A2R75VSFAPQ0OB","B0000224SB",5,1386374400
"312","A1GB48JCA5VXCA","B0000224TZ",5,1366848000
"313","AVIVL75E49JPH","B0000224TZ",5,1371081600
"314","A35IU4SBGOQYUG","B0000224TZ",5,1402185600
"315","A36TUBQZLG53IT","B0000224U2",5,1011657600
"316","AVLMRGLB9NZZX","B0000224U2",5,1230076800
"317","A1J3R8Y5ZAM5TT","B0000224U2",5,1012003200
"318","AO2QZE7NJXO4B","B0000224U2",5,1269648000
"319","A2UM2V62XBGDMT","B0000224U2",5,966211200
"320","AVB41UT2RD9OU","B0000224VV",5,1217203200
"321","A27GUOQC6MUVAZ","B0000224WX",5,1193443200
"322","A36U1L4ZMVOXGI","B0000224WX",5,1179100800
"323","AEE42UT3ERITN","B0000224WX",5,1173139200
"324","A528A5VRAKLSG","B0000224WX",5,1078704000
"325","A30TQ4A7MK42ZA","B0000224WX",5,1188777600
"326","A1X5AX3A286RIV","B0000224WX",5,1078358400
"327","A3TXNSQ466D8V7","B0000224WX",5,1125964800
"328","A29ONDFK431T0I","B0000224WX",5,1187568000
"329","A3L5Z4M6F1FWAN","B0000224WX",5,1118188800
"330","ACKODYRLF75X3","B0000224WX",5,1125273600
"331","A352N1H9WYBA8Q","B0000224WX",5,1024963200
"332","A1UCOMWXCWTF1M","B00002255X",5,1320364800
"333","AOKQ18S1D5UQD","B00002255X",5,1293148800
"334","A194KJOIE7VLMC","B00002255X",5,1390262400
"335","A3LL9HQEFLYMM7","B0000225CS",5,1125187200
"336","A3LJGMVFTLK36Q","B0000225CS",5,1197936000
"337","A1N6A0MML8Y7LY","B0000225CS",5,1046995200
"338","A23GDEVTS0400W","B0000225CS",5,1183766400
"339","AIW2B5CZEUTS5","B000024LGY",5,1355443200
"340","ACZJIGENQPCM7","B000024LGY",5,1127952000
"341","A14CG1IAZ388G6","B000024LGY",5,1235952000
"342","AI6F4WN2KYLSX","B000024LGY",5,1249862400
"343","A2ZZULCTI40V3A","B000024LGY",5,1130889600
"344","A269AIFJARP45L","B000024LGY",5,1186531200
"345","AGNREHT7XLYEK","B000024LGY",5,1206662400
"346","A2BQOLU1OH2LEB","B000027UMF",5,1269043200
"347","A3J2389EYVZFEX","B0000296SV",5,959731200
"348","A1D4PVZ0QWEAW1","B0000296SV",5,1003968000
"349","AH1M9A3JTV7C3","B0000296SV",5,1091750400
"350","A3DM6M2Q8Y892U","B00002DE4X",5,1115251200
"351","A3COJ4KE9VCBMN","B00002DE4X",5,970012800
"352","AVHIBS72NXSZ1","B00002N5N7",5,1405296000
"353","AFIH5FL5BEEKI","B00002N5N7",5,1405987200
"354","ALX60O32GZIJ1","B00002N5N7",5,1405555200
"355","A30YINNX08F98X","B00002N5N7",5,1262476800
"356","A43DKHFIYH3FC","B00002N5N7",5,1368403200
"357","A3IKWLDFJ0GQLC","B00002N5N7",5,1399766400
"358","A326D71UXQDAZZ","B00002N5N7",5,1404864000
"359","A3FAQAJ6UJHFY9","B00002N5N7",5,1327622400
"360","AU7WAUXOXW7F1","B00002N5N7",5,1390262400
"361","A3ETBZFY27VN8S","B00002N5N7",5,1327708800
"362","AY9MBPUZEMYMD","B00002N5N7",5,1365033600
"363","AY33GWBPT48ZC","B00002N5N7",5,1364083200
"364","A1POXXTXRSNEYU","B00002N5N7",5,1293840000
"365","ASCI1CB5EQA1J","B00002N5N7",5,1236643200
"366","A30XI4BWP0811F","B00002N5N7",5,1310601600
"367","ANOD0PV6D7SEO","B00002N5N7",5,1358121600
"368","A3CGEHO6BHHDZ7","B00002N5N7",5,1373846400
"369","A178XRM96DKOYT","B00002N5N7",5,1397606400
"370","A2DA0K2WJOEQ6W","B00002N5N7",5,1390348800
"371","A12FRO3VY2AI89","B00002N5N7",5,1377129600
"372","AC3OQTPPH5ZCQ","B00002N5N7",5,1389571200
"373","A3QYLWR6E47QBU","B00002N5N7",5,1395878400
"374","A1KDECCUE9RJSO","B00002N5N7",5,1360713600
"375","A1AV92GOUNJAJL","B00002N5N7",5,1383868800
"376","AQ4QWFHKVPESH","B00002N5N7",5,1367020800
"377","A1SOR0IJINI5DH","B00002N5N7",5,1372118400
"378","ATBREIZ8EV8E6","B00002N5N7",5,1398988800
"379","A1WR07WR5H2K2H","B00002N5N7",5,1362268800
"380","A3GPRTNG7N4SJT","B00002N5N7",5,1293840000
"381","A1G75T7ZUTHEUA","B00002N5N7",5,1397779200
"382","A397HLB9J9QPWA","B00002N5N7",5,1353888000
"383","A14DC7VCJ92F8W","B00002N5N7",5,1387843200
"384","A2BE1VQTMSMBNL","B00002N5N7",5,1383350400
"385","A7OWNN294DHO2","B00002N5N7",5,1394236800
"386","A1KX5MDAVU10LA","B00002N5N7",5,1338595200
"387","A3OS8VIOY9Q9VP","B00002N5N7",5,1274313600
"388","A1TSAPYFPUTB8B","B00002N5N7",5,1313366400
"389","A5IZB5QOH502X","B00002N5N7",5,1362441600
"390","A2CQ6M4SITQQQ1","B00002N5N7",5,1357862400
"391","A1OGG5J6S0M603","B00002N5N7",5,1363651200
"392","AEAA1NFRSJEKM","B00002N5N7",5,1321488000
"393","A8JNXIX723MKZ","B00002N5N7",5,1367280000
"394","A351H0VD73N7K7","B00002N5N7",5,1393459200
"395","A26K3DDVX0YDR6","B00002N5N7",5,1360454400
"396","A1O975DPQSS0J4","B00002N5N7",5,1384300800
"397","A1P8OJGKFQEIFE","B00002N5N7",5,1374796800
"398","A36ND2FAQY1WL6","B00002N5N7",5,1345420800
"399","A9MG1RNPEG8J2","B00002N5N7",5,1375401600
"400","A3LKA89CGAI353","B00002N5N7",5,1364947200
"401","AN68L8RUUEUZK","B00002N5N7",5,1375056000
"402","A13JJ2R0W344DV","B00002N5N7",5,1394236800
"403","A1VSX62RW9ZFBM","B00002N5N7",5,1388188800
"404","AUP1MPKF7VZMP","B00002N5N7",5,1367884800
"405","A1P6FX22OXDAZX","B00002N5N7",5,1398729600
"406","APSGS6UQD81TO","B00002N5N7",5,1396224000
"407","A1KLIQI01R2KSR","B00002N5N7",5,1358726400
"408","A24AANIDCJIAG1","B00002N5N7",5,1257292800
"409","A1FW78QRQOSEC9","B00002N5N7",5,1313193600
"410","A1VXI7HM39YRV2","B00002N5N7",5,1387497600
"411","ARPXLRAGO0LPY","B00002N5N7",5,1367280000
"412","ANWB7D10LPJFU","B00002N5N7",5,1388707200
"413","A2S1Z8P7R3X2BV","B00002N5N7",5,1386374400
"414","AMH3HKABFM82T","B00002N5N7",5,1371427200
"415","A2905RC2GE7I6I","B00002N5N7",5,1268956800
"416","A1X0W35JOCQZBX","B00002N5N7",5,1366243200
"417","A24K0LFM29ZRSB","B00002N5N7",5,1365206400
"418","A1LS7OU8DEK071","B00002N5N7",5,1377993600
"419","A1LW0FD1IAS77N","B00002N5N7",5,1317945600
"420","A19RCD7L1O2G1M","B00002N5N7",5,1267401600
"421","A1C7Y31S5QXNTR","B00002N5N7",5,1377993600
"422","A3F5L16883SDY6","B00002N5N7",5,1300060800
"423","A2A2ZTUKJWMVTC","B00002N5N7",5,1368403200
"424","A1498P7VNKZAK4","B00002N5N7",5,1389830400
"425","ANAGAIG8SUF4F","B00002N5N7",5,1370131200
"426","A2GIRSSAWU5GZB","B00002N5N7",5,1368489600
"427","A1CZL4V0I7DPD0","B00002N5N7",5,1323475200
"428","A1H4R7TY2G50DH","B00002N5N7",5,1301356800
"429","AJO3BPEMRYNEK","B00002N5N7",5,1356048000
"430","A3L3UHM7N9ERP","B00002N5N7",5,1271462400
"431","A114W1UNH4E775","B00002N5N7",5,1399852800
"432","A2J4V3D7FXY1O7","B00002N5N7",5,1355097600
"433","A2XMEC7IOETOTN","B00002N5N7",5,1385078400
"434","AQB1E9ATKQB2V","B00002N5N7",5,1386806400
"435","AIPYHAPGG29I8","B00002N5N7",5,1363737600
"436","A1ECNK8LYYPINL","B00002N5N7",5,1346371200
"437","A2EU2DD8LJT35E","B00002N5N7",5,1376611200
"438","A3F6GIXVE4KYJP","B00002N5N7",5,1315872000
"439","A2ENC59IPSXYLV","B00002N5N7",5,1352505600
"440","A3517BUZQXG2HY","B00002N5N7",5,1325894400
"441","A33TLIL9R1RLOV","B00002N5N7",5,1317686400
"442","A1L26MMWNPK5KX","B00002N5N7",5,1404086400
"443","A2B5USYMX4YTUM","B00002N5N7",5,1389916800
"444","A1FWZP5AHKU07K","B00002N5N7",5,1325289600
"445","A2YTUNP1LDT3HR","B00002N5N7",5,1361404800
"446","A2ASJGWRWTPBAK","B00002N5N7",5,1398988800
"447","AYJDROH19FJ8N","B00002N5N7",5,1365465600
"448","A2R2S4ELQ0GBAA","B00002N5N7",5,1323043200
"449","A241OUPRWOG9WF","B00002N5N7",5,1370736000
"450","A2V4UP563JEPB","B00002N5N7",5,1267142400
"451","A2LZSZ7JAR2ML","B00002N5N7",5,1319155200
"452","A3BXNV7UX9MLAT","B00002N5N7",5,1372204800
"453","A3FGTMTVOYENT1","B00002N5N7",5,1386288000
"454","A2AFGNABEUWPCS","B00002N5N7",5,1380240000
"455","A1878O39ZKG24F","B00002N5N7",5,1369785600
"456","A3JBIHFIS9CAK0","B00002N5N7",5,1329091200
"457","A1JUD8JHPZCRAG","B00002N5N7",5,1391817600
"458","A389N9ERC6WU4K","B00002N5N7",5,1219276800
"459","A1QC2NELKAS604","B00002N5N7",5,1319241600
"460","A1VOCX4OXKTMY","B00002N5N7",5,1376092800
"461","A3IYHC1XR7N08X","B00002N5N7",5,1325289600
"462","AB6NQ8HLM5U1R","B00002N5N7",5,1306713600
"463","A1R3M43PLUK9VA","B00002N5N7",5,1306195200
"464","AO0AZ5SFUFOBQ","B00002N5N7",5,1390780800
"465","A2FGDKBRWY72UC","B00002N5N7",5,1398124800
"466","A2IDDA8HKZE73P","B00002N5N7",5,1336953600
"467","AN6TWGIZXMYN3","B00002N5N7",5,1386633600
"468","A3H9XKAJGKR8YR","B00002N5N7",5,1384387200
"469","A7PQ2WHU2O4GO","B00002N5N7",5,1324944000
"470","A1SFWVQ61HOF7G","B00002N5N7",5,1362960000
"471","A5C2JDPTKZROK","B00002N5N7",5,1369785600
"472","AEOA4OK112Q3A","B00002N5N7",5,1374278400
"473","A1NXR7OB1OJKGL","B00002N5N7",5,1371772800
"474","A1MJDXY7ZJ42NK","B00002N5N7",5,1298764800
"475","A3VVD07TKJKWG1","B00002N5N7",5,1403481600
"476","A19EQVD302D00T","B00002N5PY",5,1375747200
"477","A1OIQ3Y3H8A0JJ","B00002N5VA",5,1357257600
"478","A1WTQR0TYKU7D9","B00002N5VA",5,1387929600
"479","A2ECIC3IN3NGDA","B00002N5VA",5,1394064000
"480","A34KAE19JJFL71","B00002N5VE",5,1371945600
"481","A1W93OLE7KT6V2","B00002N5ZD",5,1109721600
"482","A176ZQ3J9GZ6W1","B00002N5ZD",5,1080172800
"483","A29M80VDA0V6JY","B00002N5ZD",5,1183939200
"484","A20XUSMR8QIPXP","B00002N5ZD",5,1034812800
"485","A2W4YG16SM5H7I","B00002N5ZD",5,1370995200
"486","AU8DH6AOA1YOJ","B00002N5ZD",5,1079740800
"487","A1G7US5ZUFVTC9","B00002N5ZD",5,994291200
"488","A27U9C7X8MTLHP","B00002N5ZD",5,1292544000
"489","AP6KAIH27A92E","B00002N5ZD",5,960422400
"490","A2UM2V62XBGDMT","B00002N5ZD",5,953078400
"491","A3MFBZPX3DYLS4","B00002N5ZD",5,1163548800
"492","A1F7BWTD36CPPN","B00002N5ZD",5,1039478400
"493","A1C92FZRF20YPM","B00002N5ZD",5,1213574400
"494","A3G53A7XYY7A6H","B00002N62V",5,991440000
"495","A3FH19PEYE2KUX","B00002N62V",5,967075200
"496","A1E8MZ6MF8KTAT","B00002N62V",5,987724800
"497","A2X2UXJ61WYG6Q","B00002N62V",5,1174435200
"498","AQ0XEJVHHD38I","B00002N62V",5,1127088000
"499","A9X2S2KNLKVF3","B00002N62V",5,1057622400
"500","A7DQSWQ01BOIP","B00002N62V",5,1056585600
"501","A1P6UD5P0DM1MY","B00002N64J",5,1291248000
"502","ALU8RT25JPQLH","B00002N64J",5,1307232000
"503","A145V7P7BLM01K","B00002N655",5,1331596800
"504","A3F13LE7Z0BKE7","B00002N65A",5,1398643200
"505","A16BZEC45QNMCA","B00002N65A",5,1366329600
"506","A1GAMUMR5O52D5","B00002N65A",5,1403049600
"507","A1MVD4TW2Z91O0","B00002N65A",5,1401235200
"508","AH3AF74WV4N7Y","B00002N65A",5,1367452800
"509","A3RX1FBYB91TJB","B00002N65C",5,1245456000
"510","A2H127WOOK4R9","B00002N65C",5,1247875200
"511","A1GZ5MIU6H4QB1","B00002N65C",5,1242691200
"512","A74HBTGUU0CYA","B00002N65F",5,1315785600
"513","A1GGZ69MNFGP2I","B00002N65F",5,1340064000
"514","AV5KAXN5MPQ69","B00002N65K",5,1386633600
"515","A1EC6NINLHH1L2","B00002N66A",5,1335484800
"516","A2K7T8XY7NXW53","B00002N66A",5,1361923200
"517","A3PLLYA8OFMBWZ","B00002N66A",5,1381622400
"518","A3FMNCZS0LXDQN","B00002N66A",5,1152489600
"519","A79M4404EOEOK","B00002N66A",5,1296259200
"520","AE48CH1YRUKYV","B00002N66A",5,1338336000
"521","A2UDZP5QV54SNK","B00002N66A",5,1338940800
"522","A1OPPMZL6DVYHM","B00002N66A",5,1404950400
"523","A35J3554A0E7ON","B00002N66A",5,1349481600
"524","A17H7RCE6OSP49","B00002N66A",5,1332892800
"525","AQ0TI5SCB63SO","B00002N66A",5,1342483200
"526","A1G4BUE4P8G8RO","B00002N66A",5,1367625600
"527","AFBMN4359RH92","B00002N66A",5,1275264000
"528","A3KD2I2UBWV1FI","B00002N66A",5,1368144000
"529","A14KCWCRBU8PWM","B00002N66A",5,1363564800
"530","A1A62HRKF3BGCL","B00002N66A",5,1399420800
"531","A2M34YNOVWNVFY","B00002N66A",5,1350345600
"532","A370CZCSFE4SMN","B00002N66A",5,1366934400
"533","A3GX6YH8HBNTRM","B00002N66A",5,1364860800
"534","A1CKZS8VFSZM46","B00002N66A",5,1388534400
"535","A3JABLZKJPAEC0","B00002N66A",5,1357603200
"536","A38HFHLWHRSV5C","B00002N66A",5,1401667200
"537","A20RD4WDS9FCOG","B00002N66A",5,1361059200
"538","A3CKOMIDOS54OG","B00002N66A",5,1366761600
"539","A3OP4663MGAG9B","B00002N66A",5,1179273600
"540","A3NBXK8YWMGHNF","B00002N66A",5,1275436800
"541","A2UGNQQ479SX45","B00002N66A",5,1373068800
"542","A3VJWD0TT2OF4S","B00002N66A",5,1365292800
"543","A3O8BTS7CNW1XY","B00002N66A",5,1311984000
"544","A138KXM14LIR4N","B00002N66A",5,1358035200
"545","A1NBOXOS3SKB1O","B00002N66A",5,1377734400
"546","AIB0C2CR1F5HS","B00002N66A",5,1372550400
"547","A2IBBVUWGY0EO5","B00002N66A",5,1393545600
"548","A1Y4M2NDM070X2","B00002N66A",5,1212969600
"549","A33SO2R8GKL7JQ","B00002N66A",5,1368489600
"550","A3S2EPTOH6HL8K","B00002N66A",5,1370563200
"551","A33857RJBOI8PM","B00002N66A",5,1374883200
"552","A23MLTOJBKKF39","B00002N66A",5,1401667200
"553","A1JNPKUX25GW3X","B00002N66A",5,1306022400
"554","A3PEZ0WPK0TYRF","B00002N66A",5,1306022400
"555","A1BAX51GZN9P93","B00002N66A",5,1320451200
"556","A1FQL5HB9H5O9K","B00002N66A",5,1402876800
"557","A3D7YCW3JGP6CX","B00002N66A",5,1369958400
"558","A2ZAVSIIMK3PKI","B00002N66A",5,1397606400
"559","A3J914VLVXX6TP","B00002N66A",5,1337299200
"560","A3C4TK8M9MOKUG","B00002N66A",5,1369785600
"561","A3K5V3ZJVI4L8","B00002N66A",5,1362441600
"562","A19C9AD6STPQCD","B00002N66A",5,1357862400
"563","ACNVVG9QLTSD7","B00002N66A",5,1374451200
"564","A17D1G0XKXISPY","B00002N66A",5,1338595200
"565","A16X7JXX7IMWZZ","B00002N66A",5,1325030400
"566","A1CVVCEX5F9HRE","B00002N66A",5,1346025600
"567","A3H6889WC0BBJY","B00002N66A",5,1400198400
"568","AE3J6VOB50POI","B00002N66A",5,1271116800
"569","A2BVV6IO52UMNB","B00002N66A",5,1213056000
"570","AY69LO2VLZ1BU","B00002N66A",5,1402185600
"571","A6021F3P4T1HV","B00002N66A",5,1255564800
"572","A2EN56VU94ENP2","B00002N66A",5,1356825600
"573","A1EXTZFHQQQXB7","B00002N66A",5,1337731200
"574","A3MFDGIT3YBMGS","B00002N66A",5,1403568000
"575","A22V3DCJR2ACX0","B00002N66A",5,1373760000
"576","A2UM9FOFJ2DEDJ","B00002N66A",5,1372291200
"577","A1LALGJXOZ537P","B00002N66A",5,1307059200
"578","A2IWBIZ54Y1HO2","B00002N66A",5,1373760000
"579","A3XGM5F2F2OCC","B00002N66A",5,1307750400
"580","A32FP8H7YLJLNP","B00002N66A",5,1232582400
"581","A3XXPZKNQ2HT3","B00002N66A",5,1341273600
"582","A1C3JMK7MWLHKU","B00002N66A",5,1396224000
"583","A2QJWKV2MRK2ZM","B00002N66A",5,1364428800
"584","A3RY7BSOV0JM1Z","B00002N66A",5,1223942400
"585","A2YFQNCI2W310V","B00002N66A",5,1341446400
"586","ABA878904O7KC","B00002N66A",5,1403740800
"587","A1ZF7W1RSBRFKR","B00002N66A",5,1372723200
"588","A1412TAHRV3TTF","B00002N66A",5,1306540800
"589","A1CG3GKCSSVKXD","B00002N66A",5,1371081600
"590","A33MMGX2CPUDW1","B00002N66A",5,1392422400
"591","A2OE4DQB9DFMRA","B00002N66A",5,1362528000
"592","AE152P70TOK24","B00002N66A",5,1242777600
"593","A2YD3HWYVVOSEA","B00002N66A",5,1270684800
"594","A1JD7QZIHWXIOB","B00002N66A",5,1368057600
"595","A22C6KHQNQOJO3","B00002N66A",5,1311206400
"596","A3PI74ABND03B3","B00002N66A",5,1305244800
"597","A2IE4P1XVLLH8O","B00002N66A",5,1243728000
"598","AGJ7ZPB6JS6S7","B00002N66A",5,1372896000
"599","A35N7K1CXAWCCJ","B00002N66A",5,1211068800
"600","A1YJAD9VJBGMJV","B00002N66A",5,1400630400
"601","A2Q3AA03ZIXEHR","B00002N66A",5,1309824000
"602","A3FBUCZT2DGYVO","B00002N66A",5,1371254400
"603","A33UL9XBKBB2H9","B00002N66A",5,1309651200
"604","A1CGLXTFRNTA4I","B00002N66A",5,1360713600
"605","A37FYFKUMNSD41","B00002N66A",5,1373760000
"606","A5ODYKI8SGBW5","B00002N66A",5,1214092800
"607","A2WY6CM0JMAHFR","B00002N66A",5,1261180800
"608","A2LIRDGWNKER58","B00002N66A",5,1390348800
"609","A3RYTAXU6WJKDZ","B00002N66A",5,1309305600
"610","AHKFMIMROKK3Y","B00002N66A",5,1402099200
"611","AX70Y3A6LYQ8J","B00002N66A",5,1368057600
"612","AVPZ61544AFHB","B00002N66A",5,967852800
"613","A3FVFE5W072GR0","B00002N66A",5,1259798400
"614","A8VMEVFHRMDI3","B00002N66A",5,1372291200
"615","A38NKVAERS6IHA","B00002N66A",5,1365206400
"616","A64WJN62CVGQO","B00002N66A",5,1389225600
"617","AEGXWX9U0ZGTQ","B00002N66A",5,1403481600
"618","A3MPARO5Q7SU7F","B00002N66A",5,1358812800
"619","A3EH7HYXT4FFG1","B00002N66A",5,1400976000
"620","A2NWSLEDOSA3TJ","B00002N66A",5,1339977600
"621","A34IRCG1HH6HIH","B00002N66A",5,1362528000
"622","A9PNURNT7232F","B00002N66A",5,1368057600
"623","AJBL925G7K1A9","B00002N66A",5,1336521600
"624","A2SIYOC0I5DXRB","B00002N66A",5,1204934400
"625","A3PJXLXFSAA5XR","B00002N66A",5,1345248000
"626","A1B3GNO9C8YX0N","B00002N66C",5,953078400
"627","A3IT9B33NWYQSL","B00002N66D",5,1354665600
"628","A2WV03EHKGWMQ7","B00002N66D",5,1247443200
"629","A2CCRAUCTC8UXU","B00002N66D",5,1317686400
"630","A175I1KF5LY111","B00002N66D",5,1335398400
"631","AN3OOGHWMLLG9","B00002N66D",5,1269820800
"632","AHOGJJNDZT0I5","B00002N66D",5,1368748800
"633","A3RFVUARZHEYT8","B00002N66D",5,1328832000
"634","A2HS8YQ8NJWS9T","B00002N66D",5,1247356800
"635","ABYN199NAWKB0","B00002N66D",5,1362096000
"636","A1IJ183WVACP8T","B00002N66D",5,1390608000
"637","AXA2MBR1CGFDP","B00002N66D",5,1367452800
"638","A3J4COY1T7F46L","B00002N66D",5,1332374400
"639","A20K07R8ZHNK4U","B00002N66D",5,1374192000
"640","AL4RTCG2FKWS6","B00002N66D",5,1393545600
"641","A1L2TRS4JCGQUU","B00002N66D",5,1363392000
"642","A3KYNH8TYZPOB","B00002N66D",5,1259366400
"643","ATMVD7OBUUAGL","B00002N66D",5,1301529600
"644","A6VA04OHPPSA","B00002N66D",5,1289088000
"645","A12RKBBEOVEVYZ","B00002N66D",5,1402012800
"646","A14RV3Y4KDDAFH","B00002N66D",5,1349654400
"647","A3FGPEJKE926L4","B00002N66D",5,1369699200
"648","A2K4OXZEQUCWOA","B00002N66D",5,1386892800
"649","A25N09NPQ0VMJ8","B00002N66D",5,1339632000
"650","A1573YHLM3KRWS","B00002N66D",5,1264550400
"651","A3EYUEKI6ZZPKM","B00002N66D",5,1399852800
"652","A230VGN0XLWPUH","B00002N66D",5,1347148800
"653","AW8CAEJ3XDLYY","B00002N66D",5,1367107200
"654","A3IN7ZLJ86RT3","B00002N66D",5,1338768000
"655","A1H4JAGL7V1LDD","B00002N66D",5,1355097600
"656","APV9BOITWUOFU","B00002N66D",5,1235865600
"657","A147AFM9HH9L0D","B00002N66D",5,1344211200
"658","A21OOAU8C78YR8","B00002N66D",5,1385856000
"659","A3NIGALW8QFMTD","B00002N66D",5,1381190400
"660","A2R27C1S5QB4E8","B00002N66D",5,1369267200
"661","AYJL2XZF65GMP","B00002N66D",5,1356998400
"662","A3NB7OC237IOWA","B00002N66D",5,1246838400
"663","A1F8WF0KYIK3IX","B00002N66D",5,1239494400
"664","A1RWGSOHM1UPGX","B00002N66D",5,1349395200
"665","A9E24BZCRYMYQ","B00002N66D",5,1325030400
"666","A3P30GCL977CST","B00002N66D",5,1371340800
"667","AVL4NXYE9Z9UZ","B00002N66D",5,1379548800
"668","A37T341IPA8VZN","B00002N66D",5,1364515200
"669","AFNPG3CDKUSGN","B00002N66D",5,1254182400
"670","A1WNI4TZYCUJHU","B00002N66D",5,1319414400
"671","A1JO6JEI41707","B00002N66D",5,1365638400
"672","A1HY3URPDL2Y8L","B00002N66D",5,1247097600
"673","ALQT2KVIQ7WYS","B00002N66D",5,1357430400
"674","A2UTNAHP29DQNF","B00002N66D",5,1333152000
"675","AKX9EQ37PAYMY","B00002N66D",5,1275436800
"676","A1EVH264QG9A60","B00002N66D",5,1278115200
"677","A2UQ0A9S5ONPXY","B00002N66D",5,1365379200
"678","A12Z780MEYINAQ","B00002N66D",5,1222041600
"679","AYFQDNFH89JT","B00002N66D",5,1348531200
"680","APGRWZP02N8QY","B00002N66D",5,1380067200
"681","A2E5XXXC07AGA7","B00002N66D",5,1354492800
"682","AE5BVOWMW8CHG","B00002N66D",5,1315785600
"683","A2LWCFVC28IDDY","B00002N66D",5,1278288000
"684","A1PFBCA0O38LS9","B00002N66D",5,1378512000
"685","A10EZYVJHR616O","B00002N66D",5,1299024000
"686","A1BC1RNVARMWW5","B00002N66D",5,1383523200
"687","A35WHT8C71040W","B00002N66D",5,1336176000
"688","A118BC4THAUC1R","B00002N66D",5,1360713600
"689","A2TYD5BZEYM2LC","B00002N66D",5,1285804800
"690","A3QFW848KPIUFV","B00002N66D",5,1397260800
"691","AKZT6YZVY4VAT","B00002N66D",5,1344211200
"692","A4CVAQQ32HBQB","B00002N66D",5,1229904000
"693","APD9CG7QKHINH","B00002N66D",5,1242604800
"694","AD36IH9F7TPEK","B00002N66D",5,1337472000
"695","A2QGVE3F3CJRHM","B00002N66D",5,1223337600
"696","A1TC98ZYIPLCIS","B00002N66D",5,1356480000
"697","AD43D9CZPH46C","B00002N66D",5,1311206400
"698","AOEWN8H6WIOD6","B00002N66D",5,1313971200
"699","A1PYV129O7PZCF","B00002N66D",5,1374451200
"700","AY04MZMS23B1I","B00002N66D",5,1287964800
"701","A11YDP3ICCN9E2","B00002N66D",5,1404345600
"702","A14UOWJ7SMSC6O","B00002N66D",5,1384128000
"703","A5SKJD7KXUWA","B00002N66D",5,1373155200
"704","AWPIVAEUDQKEC","B00002N66D",5,1398902400
"705","A24LSBIX9L12KT","B00002N66D",5,1310342400
"706","ARL1NYHD802U9","B00002N66D",5,1305763200
"707","A3CEQ6UKUGPX3G","B00002N66D",5,1359072000
"708","A27I6AY0VREC0N","B00002N66D",5,1193011200
"709","A2LGL72EFFBO0W","B00002N66D",5,1403395200
"710","A26TJ7J7FDSOAB","B00002N66D",5,1242777600
"711","ALUQESCAJMP8C","B00002N66D",5,1365811200
"712","A36MEA57UK1IYF","B00002N66D",5,1277856000
"713","A2SOLZN3T0UB21","B00002N66D",5,1372377600
"714","A2NF4QF0KEQTMN","B00002N66D",5,1330387200
"715","A1NOWQVTNBV7I2","B00002N66D",5,1371254400
"716","APMTVZ62YWZRD","B00002N66D",5,1388188800
"717","AAJTYDTAUQJJ5","B00002N66D",5,1364688000
"718","A3ME6T538ERZ8X","B00002N66D",5,1394928000
"719","A1MAJNFKYZE9Z6","B00002N66D",5,1329782400
"720","A2YTB5FW1T74XS","B00002N66D",5,1240876800
"721","ARI5FMHR9ZB1T","B00002N66D",5,1245888000
"722","ALXODO9BXLI4T","B00002N66D",5,1382745600
"723","A2X4EVJGAD9WGA","B00002N66D",5,1284681600
"724","AIY1TMQNCMLKI","B00002N66D",5,1270598400
"725","A1ZD6G19T4XJZO","B00002N66D",5,1346630400
"726","A3IIIHQ8UOH8C5","B00002N66D",5,1236816000
"727","A2M3IIF3VGMBQR","B00002N66D",5,1370390400
"728","A2QN0AISC2JIE","B00002N66D",5,1395014400
"729","A13JGYVJPG22K8","B00002N66D",5,1284595200
"730","A1XGIBGZ91T43Q","B00002N66D",5,1307404800
"731","ASIHH20609HKH","B00002N66D",5,1371340800
"732","A3N5P5K5161J8J","B00002N66D",5,1240531200
"733","A1KJE1W8GEC8H2","B00002N66D",5,1365984000
"734","A14NDHWDB9CLXU","B00002N66D",5,1195084800
"735","A1PSDV8RGXSRHG","B00002N66D",5,1351555200
"736","A2YSB0NIFLLEMB","B00002N66D",5,1284768000
"737","A2E6AHFDJ3JBAZ","B00002N66D",5,1374710400
"738","A6D3C69L7NN3Y","B00002N66D",5,1284508800
"739","A1RWJ6FBGHXWK8","B00002N66D",5,1255478400
"740","A33VJCFX88JDMP","B00002N66D",5,1376524800
"741","A17SUHNPXQZZBT","B00002N66D",5,1367366400
"742","A1RE1I1X4I5JQR","B00002N66D",5,1369526400
"743","A1I0G28WUSF279","B00002N66D",5,1265932800
"744","A26BXWOTZ8RN4X","B00002N66D",5,1369008000
"745","ASR7ITCMVY7VG","B00002N66D",5,1394841600
