item,user,rating,timestamp
A2VNYWOPJ13AFP,0981850006,5.0,1259798400
A20DWVV8HML3AW,0981850006,5.0,1371081600
A3RVP3YBYYOPRH,0981850006,5.0,1257984000
A28XY55TP3Q90O,0981850006,5.0,1314144000
A3VZW1BGUQO0V3,0981850006,5.0,1308268800
A2R9T5D7UVQZB0,0981850006,5.0,1253577600
A2MH49GAEWEI95,0981850006,5.0,1395532800
AR5DPX4ZU3D4Z,144072007X,1.0,1360886400
A3OGMCRM3NL8OM,144072007X,5.0,1360108800
A7E1GKNNT96QQ,144072007X,5.0,1206057600
A1NCJWD2ZQBXW2,1554701503,5.0,1359849600
AEWNQ9BRLFGJ9,1554701503,5.0,1363737600
A2BOQ8FQIUM529,1579822932,5.0,1361577600
A1XTVN0TGNHW92,1579822932,5.0,1383091200
A18GBCHY5403HO,1579822932,5.0,1385683200
A3T9US3Y5HODSL,1579822932,3.0,1367107200
A30TDTJUGGZU8O,1579822932,5.0,1374969600
A1JI9EMSFLBVVV,1579822932,5.0,1386979200
A2HJ6GMOD9F95M,1579822932,5.0,1404000000
A3P69SFP7ITW5B,1579822932,5.0,1357862400
AJI75FO7HWC5E,1754164498,5.0,1395619200
A1BNL262X62X2B,1754164498,5.0,1380240000
A3M0R431B1EIDD,1754164498,5.0,1372032000
A3KCURRX4GKK7O,1880241064,3.0,1365033600
A1HDD8H5AE7YZH,1880241064,2.0,1370908800
A2LWCO3DSG6QGW,1885010753,3.0,1315440000
A2VB6KPGPW5YBO,1885010753,5.0,1294531200
A2KNZQSXH1YHM3,1938146824,3.0,1400457600
A1N4UAN0JOS1O8,1938146824,5.0,1389571200
A1449E3GRNMA44,1938146824,5.0,1398384000
AA5TIGI4ML66X,1938146824,4.0,1398643200
A2UNRKNB70VTDN,1938146824,5.0,1388448000
AF6HZ8NS4H96Y,1938146824,5.0,1402617600
AHYSH53OLJSNL,398501938X,5.0,1364774400
A2JLMRP20CVAF2,6035000029,3.0,1398902400
A1HQCJTZPIUH0T,6035000029,5.0,1404950400
A3D6HSJ0592MBC,6035000029,5.0,1394409600
A1BCMSA04I6B4X,6035000037,1.0,1368576000
A3R10EULI2QISK,6035000045,5.0,1369785600
AC34ZO0LS3807,6035000045,4.0,1369008000
A71C047PYPUZJ,6303146775,5.0,1338076800
A3GGSAENATIAW1,6304429150,5.0,1351468800
AQUU8S55JGY2H,6304429150,4.0,1189641600
A2VGX1M2OWDZTN,6304429150,5.0,1369785600
A1S7H1RAW1W8FJ,6304429150,5.0,1153094400
A2OAO45W0UXNEW,6304429150,5.0,1140048000
A2CQAEX92SXVKR,6304429150,5.0,1238284800
A3JGBEXKVGXI6O,6304429150,5.0,1355788800
A3EBHHCZO6V2A4,6304429150,5.0,1237939200
A1I3K9K4ASSWIH,6304429150,4.0,1386806400
A3KMQ9Z2S8FSU,6304429150,5.0,1398038400
A2IOV1NUSOVYHK,6304429150,5.0,1396569600
ANCOMAI0I7LVG,6304429150,2.0,1229385600
ATDWXVHJ4X3FQ,6304429150,5.0,1379808000
A2UQHNURE8ADC2,6304429150,5.0,1384992000
A7K471PIZXW0R,6304429150,5.0,1391040000
A20XFO3AT130Z,6304429150,5.0,1399593600
AFDYHKAH8AJDT,6304429150,5.0,1143504000
AS6MA9RU3CHKT,6304429150,5.0,1389139200
A1E5K7NWAQY0R7,6304429150,1.0,1394236800
A1XXYSH2GLQO1Y,6304429150,4.0,1143072000
A3NZZ7QC8UQBK4,6304429150,5.0,1390953600
AH2F9VT5KW3RV,6304429150,5.0,1403395200
A19ATS41A8IKB3,6304429150,4.0,1376092800
A26SN2CVQM4FKM,6304429150,5.0,1322438400
A2M9GKAVECJ4A,6304429150,5.0,1325376000
A1DQVYQUC3WQVR,6304429150,4.0,1391126400
AYFQD12S9BC1N,6304429150,1.0,1396828800
A2XVBE67EDHSK,6304429150,5.0,1385078400
A285VRV2WU37OJ,6304429150,5.0,1401235200
A3KJFKOB5T7R97,6304429150,5.0,1356048000
A92JSULAPXTZE,6304429150,5.0,987033600
ACUGBCEADYT6D,6304429150,5.0,1219449600
ACC1SLND21RI6,6304429150,5.0,1150934400
A2PA3RIGE5RMXB,6304429150,4.0,1192924800
A1B37UV0FO8OKT,6304429150,1.0,1265328000
A1EO1LBYMZ22F7,6304429150,1.0,1260489600
A36377ZQUZYHAF,6304429150,3.0,1358640000
AWIW2OJ82M488,6304429150,5.0,1392508800
A3O9LFWZUJWFCK,6304429150,5.0,1179964800
A1UQIXEDG6B46E,6304429150,5.0,1401667200
A6BFWLTXS5A06,6304429150,4.0,1379030400
AO1VORBNH279Q,6304429150,5.0,1389139200
A396SBGKAOLTZE,6304429150,4.0,1066780800
A39CX0EE4BZCZC,6304429150,4.0,1236816000
A2JM1JW0VZ4MO0,6304429150,5.0,1303257600
A2G2AEIR1AC50I,6304429150,5.0,1403654400
A8ZLF5F9G39DY,6304429150,5.0,1373673600
A3FFGXOMRR24CQ,6304429150,1.0,1368057600
A2B73CL3QSYWLB,6304429150,5.0,1135123200
A2JXAQ92WYPAAR,6304429150,3.0,1193616000
A39DS25H125ZU6,6304429150,5.0,1385856000
APZ9MBMUKD2W,6304429150,5.0,1115596800
A3P1GD23H8E2BY,6304429150,5.0,1356739200
A2J8TCT3R7NU84,6304429150,5.0,1203292800
A3LSBPJR80FH7Z,6304429150,4.0,1398211200
AKUBUYEOWFF1D,6304429150,5.0,1361059200
A3CERM4YQI6DWD,6304429150,5.0,1203638400
A34D7TSA7DVEH4,6304429150,5.0,1046649600
A3CQTPP8BWRBZ2,6304429150,5.0,1369785600
A34CPHRQ5FL0GI,6304429150,5.0,1402444800
A1JCUR7R0Q0ZD6,6304429150,4.0,1394755200
A13TPM1FDUJEY3,6304429150,5.0,1390003200
A3D5FWTDHGQAC2,6304429150,5.0,1378512000
A2CJNAPRFCOUHG,6304429150,5.0,1365724800
A10WDNYULD0G4U,6304429150,5.0,1387584000
A20ZSGR94H4CMQ,6304429150,5.0,1370390400
A9L4EE9AH4KVD,6304429150,5.0,1363910400
ADS5APY1NKTL4,6304429150,5.0,1153180800
A1VFICSYK056GC,6304429150,5.0,1153872000
A13YJQARSRRS6T,6304429150,5.0,1364083200
A3VA0ND77QLEO8,6304429150,5.0,1375142400
A6T53XVKZQIHX,6304429150,4.0,1363737600
A1B9GU40FBZE9T,6304429150,4.0,1376956800
A3TBCA6LMMRJ9X,6304429150,5.0,1396137600
A2PEHFN1VA7NJI,6304429150,5.0,1373932800
ANOJZWKEEFT8V,6304429150,5.0,1151452800
AHB1G0PICU91S,6304429150,5.0,1372550400
AA0PPGCFP0EPQ,6304429150,1.0,1368230400
A1MWPIDDOBOCLJ,6304429150,5.0,1386115200
ATN8DKVQBKPHS,6304429150,5.0,1392076800
A1PMK8FLS4SWZ3,6304429150,5.0,996451200
AMOGWAWI4WWO8,6304429150,5.0,960940800
A3NG8F7I9G1IF8,6304429150,5.0,1394236800
A1LJS3KRS4LPWN,6304429150,4.0,1179014400
A34MATKN7R8HY3,6304429150,5.0,1366934400
A3V1AHX8P4R839,6304429150,5.0,1151020800
ASKTZ2XFRY8SE,6304429150,5.0,1231027200
A363YJRHZSENDM,6304429150,5.0,1383868800
A38JRUOZOF3V73,6304429150,5.0,1363910400
A17ND7G0C7XJCM,6304429150,4.0,1393977600
A2QAP8H186EU05,6304429150,5.0,1358294400
A2GXWVHSXNOROE,6304429150,5.0,1387756800
ARYTYO5QXWA2D,6304429150,1.0,1389744000
A3RDMTL8GJ9PI,6304429150,5.0,1396396800
A31DN9MO37696A,6304429150,1.0,1392595200
ADLDRJ4PP5HAD,6304429150,5.0,1398384000
A2D5LBO12VZX1P,6304429150,5.0,1217203200
A3UNOBQ38OTP22,6304429150,5.0,1400198400
A32ZKSOVS4456W,6304429150,5.0,1394150400
A3F7PFUP4BDG3K,6304429150,5.0,1395187200
A35E9F3NJG6LH4,6304429150,5.0,1236902400
A1R31RQS8T9HC4,6304429150,5.0,1397001600
A15BZU9S5AXMS8,6304429150,5.0,1387929600
A3EQXFYFY9E9P0,6304429150,5.0,1378339200
A20JYIHL1W1U54,6304429150,5.0,1016582400
A2TWNR1G92O51V,6304429150,5.0,1373846400
A3IQJEHT00QPP7,6304429150,5.0,1340755200
ADVXKB9IGGWAJ,6304429150,5.0,1194825600
AW7RS8BOX32JO,6304429150,5.0,1354924800
A17D2KPMZNWDFC,6304429150,5.0,1168300800
A2V73JJK3RJ2QP,6304429150,5.0,1152921600
AHUS8XG6JDS1X,6304429150,5.0,1401062400
AUG33R1TM3UUP,6304429150,5.0,1394064000
A1668S0ZPYVOZ3,6304429150,4.0,1402444800
A2JBLZ0V0E4TF6,6304429150,5.0,1380672000
A3QE4X5LU8PCAU,6304429150,5.0,1227398400
AX1TTLITQRRKQ,6304429150,5.0,1326672000
A1WJVTM8X8BIS1,6304429150,4.0,1390780800
A38LDMAI24WR0S,6304429150,5.0,984960000
A3ADCDNVCDRDBI,6304429150,5.0,1403049600
A3GQA6A9F3PYR1,6304429150,5.0,970012800
A2CVOE17KS4RTO,6304429150,5.0,1371772800
AGUHAM5859TEC,6304429150,5.0,1180656000
A3C6CZC2JP67VK,6304429150,5.0,1172102400
A3KGZ4Y3XQM7CK,6304429150,5.0,945475200
A3LBUCVZ772MQK,6304429150,1.0,1363564800
A2DFKVGF1KU1EF,6304429150,5.0,1395100800
ADJVB52PE3CKP,6304429150,4.0,1320019200
A1678XKT044N4B,6304429150,5.0,1361923200
AHDV5U8K5WGE2,6304429150,1.0,1368144000
A30BCAH01SMP22,6304429150,5.0,1368316800
A2XGGTXBU19RBE,6304429150,5.0,1394064000
A2RV35LIX1TCSY,6304429150,5.0,1202860800
A10ODC971MDHV8,6304429150,5.0,1182902400
A1CJGSQD4GN5LV,6304429150,4.0,1291507200
A3MBML6VWW8UE0,6304429150,5.0,1369958400
A31AERNWAQQUSB,6304429150,4.0,1398211200
A2B7UGPK6VUDJR,6304429150,5.0,1375228800
A1HKW4A2RYT2UR,6304429150,5.0,1397520000
A3SYQPN6FBMUD5,6304429150,5.0,1357344000
A392D95WEJNSB9,6304429150,5.0,1376265600
A1I2PA621HCWBB,6304429150,5.0,1094256000
A3SEYKZ1THID3N,6304429150,5.0,1212796800
A35L81CBN2Z8C0,6304429150,5.0,1320710400
A20RMONHM66BFV,6304429150,5.0,1357344000
A36LZA2UI9JN2J,6304429150,1.0,1356912000
AG7CF52ZMGYO5,6304429150,4.0,1300838400
A2KZFH57LY6PB2,6304429150,5.0,1373155200
APHVEGLW20PLE,6304429150,5.0,1398470400
A1N4ZGHP2NQGWM,6304429150,5.0,1401235200
A1KTNV6HK8CO07,6304429150,4.0,1397606400
A31U3WV5ZUSWPN,6304429150,5.0,1177891200
A2R94GIC63Z37,6304429150,5.0,1376784000
AFUSHE65DVQO8,6304429150,5.0,1386806400
A3LQD9AIA4021D,6304429150,1.0,1385942400
A1RXUJQRRD1YLK,6304429150,5.0,1075334400
AVF60NZ99H9D5,6304429150,5.0,1127692800
A1XGE3V8IVCC7C,6304429150,5.0,1360281600
ABHBURBXUZFF8,6304429150,4.0,1355097600
A35AERQ1VFWM05,6304429150,5.0,1377129600
A3NCFEZO6FCWWR,6304429150,5.0,1402358400
A3T1LIF3TOGZ9E,6304429150,5.0,1191110400
A1XSITB6EMQXFB,6304429150,5.0,1377043200
A1LL53QFVTSJFK,6304429150,1.0,1374451200
A2TTTUHJ8W6ALS,6304429150,5.0,1378339200
A1PTPN5SY7C7SW,6304429150,5.0,1375315200
A1D3HQWSVEMBAV,6304429150,5.0,1364601600
A3BQUTIB1DSHCV,6304429150,4.0,1323043200
AHRY3DUPFC5GX,6304429150,5.0,1397520000
A2RSBKTZAGV2ZF,6304429150,4.0,1287100800
A18AYRYL1TY8VP,6304429150,5.0,1142553600
A1THJOH56HMRWY,6304429150,5.0,1366416000
A106059W6NIRG6,6304429150,5.0,1399420800
A2FMNMQWEEM2J2,6304429150,5.0,1388620800
A1PWAAL888WN1Q,6304429150,5.0,1179100800
AWMKHPXQWVWHM,6304429150,1.0,1358899200
AP3533J84KNL7,6304429150,5.0,1376179200
A121OCMN22PHMJ,6304429150,5.0,983664000
A1EWI2NDXZBX62,6304429150,4.0,1244764800
A2XRZV63X79YSJ,6304429150,5.0,1118880000
A1PNSOEVT2M7TH,6304429150,5.0,1344038400
AYSYP4W2L8719,6304429150,5.0,1252281600
A260UEUZAH6RYL,6304429150,5.0,1395792000
A3DELBKZSWTDLR,6304429150,5.0,1382400000
A1ZKQDOLILUBH4,6304429150,5.0,1348012800
A7TYUKPTEPZUE,6304429150,5.0,1383696000
A22BWS1S5CIHTZ,6304429150,1.0,1378080000
A3F3D064D0QW95,6304429150,5.0,1174348800
A27UHZHTVD2AWF,6304429150,5.0,1404345600
AJMU8VVFKMZI4,6304429150,2.0,1218499200
A3QABD7O3UGPE9,6304429150,5.0,986169600
A1LLUD498MIGPO,6304429150,5.0,1198713600
A341BG8RMH8QW,6304429150,4.0,1031788800
AVM3290WD08HF,6304429150,5.0,1380672000
A3OVWHSW8VRGDF,6304429150,5.0,1362873600
A27SJ3XSBYFDOS,6304429150,5.0,1387929600
A18NHT2K1JH5FI,6304429150,5.0,1181260800
A1VTOCAXSH7CI5,6304429150,5.0,1391472000
A7I9V673LD57J,6304429150,5.0,1156032000
A136AL1BFMQEO,6304429150,5.0,1402531200
A26DGBBHFTCXX3,6304429150,5.0,1364947200
A1Y28WD8B9C26C,6304429150,5.0,1376438400
A3GXTW4OYQG1CG,6304429150,5.0,1377820800
AZKXWZZPU41X2,6304429150,4.0,1202860800
A2UOWTAQ6NO2CP,6304429150,5.0,1259625600
A28MOSF30E12Q4,6304429150,5.0,1399075200
A306HG9N51Y11W,6304429150,5.0,1362268800
A2TGVQLPCPTF3H,6304429150,5.0,1260144000
A3MWMO2IOQDWBJ,6304429150,5.0,1200614400
A31U2QT7SAL7K,6304429150,5.0,1140912000
A2YMZ3FBUT5QLE,6304429150,5.0,1387929600
A12X2J7AVZ04IQ,6304429150,5.0,1108512000
A3DPOXBUH9AZF,6304429150,5.0,1365206400
ABATJDOGPAVZI,6304429150,5.0,1239494400
AVCAGOV5Y4KRK,6304429150,5.0,1396310400
A38BPQZ87106P9,6304429150,5.0,1298073600
A2Z13S415BVS3O,6304429150,5.0,1358380800
AF58LIEMA9DE9,6304429150,5.0,1382400000
AO47H1470O6UH,6304429150,5.0,1394236800
AUGAYIFX3LEG8,6304429150,5.0,1344902400
A3R2RGA71QWYUP,6304429150,5.0,1371081600
A9FQ99PZLWOS0,6304429150,5.0,1109116800
A1F07AN0UDV965,6304429150,1.0,1397347200
A3IT1MC5W7M9TJ,6304429150,5.0,1207180800
AOSQ5JIA2X4M,6304429150,5.0,983232000
A3RVXUXBIIYZUB,6304429150,1.0,1388793600
A3881RWKRFTPXV,6304429150,5.0,1376179200
AEXGGB9P0MOTN,6304429150,4.0,1037923200
A29Z3R1QK0HT8H,6304429150,5.0,943920000
A2GCO8W8778OMB,6304429150,5.0,1174262400
A1MZR7GCCNRF1D,6304429150,3.0,1185580800
A1A8NFZBNE6MDI,6304429150,5.0,1213228800
A3VYD1H0UOPT39,6304429150,5.0,1400198400
A3LXKO2S6G2DBI,6304429150,5.0,1345507200
AQLUW7ZEQ5ENJ,6304429150,5.0,1356134400
A2S5KA3198RNSM,6304429150,4.0,1393977600
A3DKP8MGNLFVYC,6304429150,5.0,1374969600
A2VYZ6FIEQ49I9,6304429150,5.0,1376265600
A1W968XG1QC6SH,6304429150,5.0,1390435200
A1T8H6HEU1MF9Z,6304429150,4.0,1390176000
A27R6HUFUMUT8H,6304429150,4.0,1368921600
A1V3KRWRLCHXMC,6304429150,5.0,1274054400
A142ZT4PAZRQRW,6304429150,5.0,1284076800
A1DFZR6J8OEYDN,6304429150,1.0,1376438400
A2I7VPVB4AC1PD,6304429150,5.0,1338940800
A3QUTLN2YLW30Z,6304429150,5.0,1205020800
AJSA2D3Y76NXN,6304429150,5.0,1230076800
AAI3B69AB4Z56,6304429150,1.0,1241827200
A2WA40VLJWA5TR,6304429150,5.0,1392422400
A24SMG6F5PUTPS,6304429150,3.0,1207872000
A2VWQYA66XWANT,6304429150,4.0,1374019200
A2RTUZEUT87V92,6304429150,5.0,1391990400
APZQE8DKMMXKQ,6304429150,5.0,1370131200
A1RNBATK4O47MY,6304429150,1.0,1392508800
AXOJOWNLTXQ0W,6304429150,4.0,1395878400
AG5Q7ZGP26RAG,6304429150,5.0,1395705600
AKNZO5M2CI9JJ,6304429150,5.0,996969600
A1JBZ635HF1SVO,6304429150,5.0,1177804800
A2A259Y4H7JIHI,6304429150,5.0,1239148800
A29JY4FKOW6MNO,6304429150,5.0,1399766400
A11PWCMW6UXIE5,8386244453,5.0,1209513600
A1MVWTF4QLNFFQ,8393166616,2.0,1356739200
A2ABQP2W70JY0B,8802000026,4.0,1403913600
A2X07TX8CL6KQL,8802000034,3.0,1399420800
A2QMK6W5IZUYJW,8805001058,1.0,1388361600
A3JQTZ8SP9V30X,8805001058,1.0,1379635200
A2PLZJZY5TO6FB,8805001058,5.0,1367798400
A2HQPA6HB8WOSR,8805001058,3.0,1374019200
A2AY4Q03DXACWE,8805001058,3.0,1376265600
A2RSK8WPAL25WY,8805001058,3.0,1374710400
A2XGLU92QG2B6B,8805002577,5.0,1370131200
A1A0869H4ENLL7,8805002577,2.0,1375747200
A2XGLU92QG2B6B,8805002585,5.0,1370131200
AC0L7J3S4MS1U,8805002593,5.0,1382659200
A2XGLU92QG2B6B,8805002607,5.0,1370131200
ANL35SBSLO5V9,8805002615,4.0,1390262400
A1LLD9MUGODINM,8805002631,2.0,1369094400
A2XP75JHUJ0Y6P,8805002631,3.0,1379721600
A2XGLU92QG2B6B,8805002631,5.0,1370131200
A38CZOEKQ0SR06,8805002631,4.0,1375747200
A2XGLU92QG2B6B,880500264X,5.0,1370131200
A3ARZHCCRQRHRA,880500264X,2.0,1372636800
A1SJQ8WETDBCC1,8805002666,3.0,1395964800
A2VM4KCE1DD0LK,8805002666,3.0,1403654400
A393Y2LEAQ05QA,8805002666,4.0,1374451200
A14659BD3LMYEE,8805002666,3.0,1401753600
A2XB2SO2B3OIBJ,8805002666,5.0,1401753600
A3Q6A6TM346YMJ,8805002666,5.0,1369094400
A2XGLU92QG2B6B,8805002666,5.0,1370131200
A1N1NWOFHWW2DZ,8805002666,1.0,1399766400
A1RMA39IP3XFC0,8805002666,1.0,1403740800
A316SCVWWHXAHK,8805002666,3.0,1400371200
AGUQVGWDPQLV9,8805002666,2.0,1379980800
A3BDYL0EKD6WO0,8805002674,2.0,1371081600
A35L0SZ4XA50GF,8805002682,4.0,1378944000
A2XGLU92QG2B6B,8805002682,5.0,1370131200
ADID8L3QW4NJX,8805002682,1.0,1371945600
A2FC4OU978R0NQ,8805002690,3.0,1378425600
A2QL2DTPOXYM9O,8805002704,4.0,1378166400
AG3TH7M9JVU0R,8805002704,1.0,1379030400
A18YGTKJ2NE51,8805002704,3.0,1367539200
A1MGVH7ZM1YNJR,8805002704,1.0,1379548800
A1N1YP69RPRTX9,8805002704,4.0,1370908800
A38EVY0OY9QZFH,8805003255,2.0,1400371200
AED4SOHR84BJY,8805003263,3.0,1376524800
A3OA4APKI1H3E,8805003298,5.0,1371600000
A3T5JAU7L2U02J,8805003298,5.0,1368057600
ADWIVR3Y6OC8D,8805003298,4.0,1367193600
A1J8394S6LSBBL,8805003298,5.0,1391385600
A2XGLU92QG2B6B,8805003298,5.0,1370736000
A1VIV87BSBBMA5,8805003298,1.0,1404086400
A171L7UJTO7HXU,8805003298,4.0,1372204800
A39W0FNAKNQGLS,8805003298,5.0,1373846400
A3BP9KK5AZIWW7,8805003298,5.0,1380067200
A2Z59Y9YNBAK02,8805003549,3.0,1396828800
A23H4HWJECIADO,8805003549,5.0,1383868800
A2G90F03S72E8A,8805003573,5.0,1400025600
A2XGLU92QG2B6B,8805003603,5.0,1370476800
AQX9QPZPO3JJA,9800474382,4.0,1384819200
A1GPCECUD1WN9F,9822221274,1.0,1370390400
A2JS7PQTHZZ7OG,B0000001QY,5.0,1367798400
A1T4JBHGT3Y2BU,B0000001QY,5.0,1367798400
ADHGQRO0U3R75,B0000001QY,5.0,1251849600
A2206H4MT4EBBJ,B0000001QY,5.0,1379462400
A2C7BOQVFH1HLE,B0000001QY,4.0,1125705600
A2LF1ICX4KVI78,B0000001QY,5.0,1093305600
A1ZJ22NXRVK3SO,B0000001QY,5.0,1354579200
A2VYQ582SAKBSW,B0000001QY,4.0,1394150400
AESR8EXMR8MZR,B0000001QY,5.0,1262822400
A9Q28YTLYREO7,B0000001QY,5.0,953424000
A23H7EPC1TNFP7,B0000001QY,5.0,1310601600
A460GTG5JE494,B0000001QY,5.0,1399680000
A2VL0OJEYGKF6L,B0000001QY,5.0,1394668800
A3UJKBO5RLZZI9,B000000923,5.0,1098144000
A6FIAB28IS79,B000000923,2.0,1336521600
A2CW9IQAPFEYLM,B000001ULX,5.0,1123545600
A1V96UFJQ8HRNK,B000001ULX,5.0,1312675200
A16H7O2FQ3KWB6,B000001ULX,5.0,1106524800
A1E3N1GKATTQ0,B000001YZU,3.0,1008892800
A1IEQF2OLNOSVG,B000001YZU,2.0,961545600
A3CM0I3VVNA11K,B000001YZU,5.0,1357948800
A11FK4Z8CEEC1Y,B000001YZU,4.0,1385856000
A2MWRK3XBESBA8,B000001YZU,5.0,1125532800
A14WNNL05MQUQD,B000003GJ2,5.0,1056931200
AF5SC0A9C6BDZ,B000003GJ2,1.0,992649600
ARNVEXQ6S28KM,B000003GJ2,4.0,1013040000
A188XNV7VNF86X,B000003GJ2,1.0,969926400
A1NCTRKF1WAZHT,B000003GJ2,1.0,1080604800
A2L88KKNTJIDF3,B000003GJ2,1.0,993772800
A1FJMBMD2JHMG4,B000003GJ2,5.0,1075766400
A3C67HC4YMLGT4,B000005R78,5.0,894153600
AX8WMBJDFXTY4,B000005R78,4.0,1194825600
A1A478DR57VB07,B000005R78,4.0,1349136000
A1ZOW1KYLCNRBU,B000005XFE,4.0,1269993600
AUBHHB1F9Q78K,B0000071CF,5.0,939600000
A2X7NBUETXC19E,B0000071CF,4.0,1285545600
A1NX9N19QJ1U0O,B0000071CF,4.0,1398384000
A20Z5B6UWT34KV,B0000071CF,5.0,1396656000
A2GKPSS254VJOP,B0000071CF,5.0,1366761600
A24TRI7N0BWTZS,B00000GC69,5.0,967507200
A3NTJFG4RELVFE,B00000GC69,5.0,973382400
A3BFC890M227T5,B00000GC69,3.0,1005523200
A20IUURI7X7IDT,B00000GC69,4.0,1048809600
A32QJMKQAIED6X,B00000GC69,4.0,1009497600
A2A8L8ZZAGTED6,B00000GC69,1.0,1035590400
A11GK9RL8U9ZE7,B00000GC69,5.0,993081600
A1T11V8E0BPD4H,B00000I2XI,5.0,967334400
A3QA4V5F9DFD7C,B00000I2XI,5.0,1264723200
AKAWI3WJ1W5OM,B00000JAJ8,5.0,1177545600
APXPKNQ9EYGSF,B00000K2MB,5.0,989712000
AJN5U1BX4K72D,B00000K2MB,4.0,1288828800
A1UW4E5UK0PNU9,B0000223JC,4.0,1207180800
A3GM4EM4F4M5PE,B0000223JC,5.0,1277942400
AK43Y4WT6FFR3,B0000223JC,5.0,1384387200
A2AJYASA5YL4L7,B0000223JC,3.0,1388620800
A1SN3CK97C1X8B,B0000223JC,4.0,1170979200
AELS00AZLNABN,B0000223JC,3.0,1203206400
A30CMD5HD3PUVB,B0000223JC,4.0,1341705600
A3RBVJENRN9UKY,B0000223JC,2.0,1113523200
A3IMU6K5OOWYAJ,B0000223JC,5.0,946339200
AEQPZUSEYDER5,B0000223JC,5.0,1112400000
A1MJ42RXIP7KE0,B0000223JC,1.0,1126483200
A1KYGIL1B3P0GS,B0000223JC,5.0,1105401600
A2J19E0FNA2HRF,B0000223JC,4.0,1035072000
A3HQ6ZM8PNH5HG,B0000223JC,1.0,1202774400
A283K275UH86GD,B0000223JC,5.0,1396483200
AYRCWY12J7MKG,B0000223JC,5.0,1168300800
A3CIJN8NJ8NY07,B0000223JC,4.0,992304000
AHAMCKORJ0G9P,B0000223JC,5.0,1008115200
A1FTLC2RBYADR4,B0000223JC,5.0,1293321600
A1BYNKN0OADWN1,B0000223JC,4.0,1270684800
ATKS9BK52JYQG,B0000223JC,1.0,1351036800
AW7196OO7CAOK,B0000223JC,4.0,1337990400
A2NX2Q7UGL6ZBT,B0000223JC,5.0,1174003200
A220IEW0YRY0DC,B0000223JC,5.0,1209859200
A22VQLQ0US5JQV,B0000223JC,4.0,1230768000
AUEEW36TVC4X0,B0000223JC,5.0,1368921600
A21QPO0D4THA91,B0000223JC,4.0,1376179200
AMZVDD90UEDL0,B0000223JC,5.0,1007078400
A2RW5G0F31H5X5,B0000223JC,5.0,1327276800
ACY9VISJS7NMI,B0000223JC,5.0,1324944000
A1UQGBG7LDXJX5,B00002240Y,5.0,1362873600
AKX7DI8B77PWU,B00002240Y,3.0,1265760000
A3LJG1VW6C667,B00002240Y,2.0,1346803200
A1I3FKDQ1SIMBQ,B00002240Y,5.0,1359504000
AH9TPX4TW5JIO,B00002240Y,5.0,1354060800
A2FKUHKMWDQQQJ,B0000224HT,4.0,1106611200
A4HWTN6O6MHVG,B0000224HT,5.0,1381190400
A1CKZ7AXPIJYZ5,B0000224HT,4.0,1106870400
AW0LKWF6YHIBC,B0000224HT,5.0,1403222400
A2VCFWG6XBPE7W,B0000224HU,4.0,1175817600
A13GUBUMMDLMPJ,B0000224HU,5.0,1228089600
AI5Q9A4XRETM1,B0000224HU,4.0,1384819200
A1LXKKC3Z2ZFOT,B0000224HU,5.0,1131580800
A991TUFUGPODG,B0000224HU,4.0,1019347200
A1UJHVUAMM2866,B0000224HU,5.0,1220572800
A34LNLXYL37H1M,B0000224HU,3.0,1016236800
A2KANFTOH3S1UX,B0000224HU,5.0,1004227200
A2RHN8XMR4URB,B0000224HU,2.0,1051401600
A1I3ZXFZRF1G7T,B0000224HU,5.0,1184112000
A1228C9QWNXA49,B0000224SB,5.0,1377475200
A18KAVU7Z1XXJI,B0000224SB,5.0,1369785600
A368UXN3MFR5XX,B0000224SB,5.0,1339286400
A3IOMULUH5O2ZE,B0000224SB,4.0,1379203200
A2R75VSFAPQ0OB,B0000224SB,5.0,1386374400
A1GB48JCA5VXCA,B0000224TZ,5.0,1366848000
AVIVL75E49JPH,B0000224TZ,5.0,1371081600
A35IU4SBGOQYUG,B0000224TZ,5.0,1402185600
A36TUBQZLG53IT,B0000224U2,5.0,1011657600
AVLMRGLB9NZZX,B0000224U2,5.0,1230076800
A1J3R8Y5ZAM5TT,B0000224U2,5.0,1012003200
A24AANIDCJIAG1,B0000224U2,2.0,1257292800
AO2QZE7NJXO4B,B0000224U2,5.0,1269648000
A2UM2V62XBGDMT,B0000224U2,5.0,966211200
A34ZKIDL38RWX5,B0000224VV,4.0,1404432000
AVB41UT2RD9OU,B0000224VV,5.0,1217203200
A27GUOQC6MUVAZ,B0000224WX,5.0,1193443200
A2RTPH88MVLNXM,B0000224WX,2.0,1178668800
A36U1L4ZMVOXGI,B0000224WX,5.0,1179100800
AEE42UT3ERITN,B0000224WX,5.0,1173139200
A528A5VRAKLSG,B0000224WX,5.0,1078704000
A30TQ4A7MK42ZA,B0000224WX,5.0,1188777600
A1X5AX3A286RIV,B0000224WX,5.0,1078358400
A3TXNSQ466D8V7,B0000224WX,5.0,1125964800
A29ONDFK431T0I,B0000224WX,5.0,1187568000
A3L5Z4M6F1FWAN,B0000224WX,5.0,1118188800
ACKODYRLF75X3,B0000224WX,5.0,1125273600
A2DY1A4SRQ0XOE,B0000224WX,3.0,1186876800
A352N1H9WYBA8Q,B0000224WX,5.0,1024963200
A1W42FVUSR377W,B0000224WX,4.0,1182556800
A1UCOMWXCWTF1M,B00002255X,5.0,1320364800
ABLIFY063ZJHU,B00002255X,4.0,989971200
A1TCIUMK1S3MBI,B00002255X,4.0,1317945600
AOKQ18S1D5UQD,B00002255X,5.0,1293148800
A194KJOIE7VLMC,B00002255X,5.0,1390262400
A3LL9HQEFLYMM7,B0000225CS,5.0,1125187200
A1B42BPRP5444U,B0000225CS,4.0,975715200
A3LJGMVFTLK36Q,B0000225CS,5.0,1197936000
A1N6A0MML8Y7LY,B0000225CS,5.0,1046995200
A23GDEVTS0400W,B0000225CS,5.0,1183766400
A23GDEVTS0400W,B0000225CU,4.0,1183766400
AIW2B5CZEUTS5,B000024LGY,5.0,1355443200
ACZJIGENQPCM7,B000024LGY,5.0,1127952000
A14CG1IAZ388G6,B000024LGY,5.0,1235952000
AI6F4WN2KYLSX,B000024LGY,5.0,1249862400
A2ZZULCTI40V3A,B000024LGY,5.0,1130889600
A1F69BFUXC2JP0,B000024LGY,4.0,1371427200
A269AIFJARP45L,B000024LGY,5.0,1186531200
AGNREHT7XLYEK,B000024LGY,5.0,1206662400
A2BQOLU1OH2LEB,B000027UMF,5.0,1269043200
A3J2389EYVZFEX,B0000296SV,5.0,959731200
A1D4PVZ0QWEAW1,B0000296SV,5.0,1003968000
AH1M9A3JTV7C3,B0000296SV,5.0,1091750400
A3DM6M2Q8Y892U,B00002DE4X,5.0,1115251200
A3COJ4KE9VCBMN,B00002DE4X,5.0,970012800
AVHIBS72NXSZ1,B00002N5N7,5.0,1405296000
AFIH5FL5BEEKI,B00002N5N7,5.0,1405987200
ALX60O32GZIJ1,B00002N5N7,5.0,1405555200
A30YINNX08F98X,B00002N5N7,5.0,1262476800
A43DKHFIYH3FC,B00002N5N7,5.0,1368403200
A3IKWLDFJ0GQLC,B00002N5N7,5.0,1399766400
A326D71UXQDAZZ,B00002N5N7,5.0,1404864000
A3FAQAJ6UJHFY9,B00002N5N7,5.0,1327622400
AU7WAUXOXW7F1,B00002N5N7,5.0,1390262400
A3ETBZFY27VN8S,B00002N5N7,5.0,1327708800
A312ECCRG8VSDS,B00002N5N7,3.0,1378512000
AY9MBPUZEMYMD,B00002N5N7,5.0,1365033600
AY33GWBPT48ZC,B00002N5N7,5.0,1364083200
A1LBU2PW1HQB7D,B00002N5N7,3.0,1402963200
A1POXXTXRSNEYU,B00002N5N7,5.0,1293840000
ASCI1CB5EQA1J,B00002N5N7,5.0,1236643200
A30XI4BWP0811F,B00002N5N7,5.0,1310601600
ANOD0PV6D7SEO,B00002N5N7,5.0,1358121600
A3CGEHO6BHHDZ7,B00002N5N7,5.0,1373846400
A178XRM96DKOYT,B00002N5N7,5.0,1397606400
A2DA0K2WJOEQ6W,B00002N5N7,5.0,1390348800
A12FRO3VY2AI89,B00002N5N7,5.0,1377129600
AC3OQTPPH5ZCQ,B00002N5N7,5.0,1389571200
A3QYLWR6E47QBU,B00002N5N7,5.0,1395878400
A1KDECCUE9RJSO,B00002N5N7,5.0,1360713600
A1AV92GOUNJAJL,B00002N5N7,5.0,1383868800
AQ4QWFHKVPESH,B00002N5N7,5.0,1367020800
A1SOR0IJINI5DH,B00002N5N7,5.0,1372118400
ATBREIZ8EV8E6,B00002N5N7,5.0,1398988800
A1WR07WR5H2K2H,B00002N5N7,5.0,1362268800
A3GPRTNG7N4SJT,B00002N5N7,5.0,1293840000
A1G75T7ZUTHEUA,B00002N5N7,5.0,1397779200
A3GDE1EXEXOW21,B00002N5N7,4.0,1382572800
A397HLB9J9QPWA,B00002N5N7,5.0,1353888000
A14DC7VCJ92F8W,B00002N5N7,5.0,1387843200
A2BE1VQTMSMBNL,B00002N5N7,5.0,1383350400
A7OWNN294DHO2,B00002N5N7,5.0,1394236800
A1KX5MDAVU10LA,B00002N5N7,5.0,1338595200
A3OS8VIOY9Q9VP,B00002N5N7,5.0,1274313600
A1TSAPYFPUTB8B,B00002N5N7,5.0,1313366400
A5IZB5QOH502X,B00002N5N7,5.0,1362441600
A2CQ6M4SITQQQ1,B00002N5N7,5.0,1357862400
A1TUK4UOA3F03H,B00002N5N7,3.0,1388707200
A1OGG5J6S0M603,B00002N5N7,5.0,1363651200
A268SBKVCN6TLR,B00002N5N7,4.0,1360627200
A2GKKPNEUFRY6Y,B00002N5N7,4.0,1342051200
AEAA1NFRSJEKM,B00002N5N7,5.0,1321488000
A8JNXIX723MKZ,B00002N5N7,5.0,1367280000
A1KV2MYWMEQY0,B00002N5N7,4.0,1364774400
A2DXWM4FJ7CWQ0,B00002N5N7,1.0,1392768000
A351H0VD73N7K7,B00002N5N7,5.0,1393459200
A26K3DDVX0YDR6,B00002N5N7,5.0,1360454400
A1O975DPQSS0J4,B00002N5N7,5.0,1384300800
A1P8OJGKFQEIFE,B00002N5N7,5.0,1374796800
A2427EH0XDSQO9,B00002N5N7,2.0,1393632000
A36ND2FAQY1WL6,B00002N5N7,5.0,1345420800
A9MG1RNPEG8J2,B00002N5N7,5.0,1375401600
A3LKA89CGAI353,B00002N5N7,5.0,1364947200
AN68L8RUUEUZK,B00002N5N7,5.0,1375056000
A13JJ2R0W344DV,B00002N5N7,5.0,1394236800
A1VSX62RW9ZFBM,B00002N5N7,5.0,1388188800
AUP1MPKF7VZMP,B00002N5N7,5.0,1367884800
A1P6FX22OXDAZX,B00002N5N7,5.0,1398729600
APSGS6UQD81TO,B00002N5N7,5.0,1396224000
A1KLIQI01R2KSR,B00002N5N7,5.0,1358726400
A24AANIDCJIAG1,B00002N5N7,5.0,1257292800
A1FW78QRQOSEC9,B00002N5N7,5.0,1313193600
A1VXI7HM39YRV2,B00002N5N7,5.0,1387497600
ARPXLRAGO0LPY,B00002N5N7,5.0,1367280000
ANWB7D10LPJFU,B00002N5N7,5.0,1388707200
A27UCKE2V6ZYL9,B00002N5N7,3.0,1321833600
A3698XIFVKLERD,B00002N5N7,1.0,1330819200
A2WGKTV4ZMOJX1,B00002N5N7,2.0,1352851200
A2S1Z8P7R3X2BV,B00002N5N7,5.0,1386374400
A3IQJYGWXWJX1R,B00002N5N7,3.0,1388793600
AMH3HKABFM82T,B00002N5N7,5.0,1371427200
A2905RC2GE7I6I,B00002N5N7,5.0,1268956800
A1X0W35JOCQZBX,B00002N5N7,5.0,1366243200
A24K0LFM29ZRSB,B00002N5N7,5.0,1365206400
A1LS7OU8DEK071,B00002N5N7,5.0,1377993600
A1LW0FD1IAS77N,B00002N5N7,5.0,1317945600
A19RCD7L1O2G1M,B00002N5N7,5.0,1267401600
A1C7Y31S5QXNTR,B00002N5N7,5.0,1377993600
A3F5L16883SDY6,B00002N5N7,5.0,1300060800
A2A2ZTUKJWMVTC,B00002N5N7,5.0,1368403200
A1498P7VNKZAK4,B00002N5N7,5.0,1389830400
ANAGAIG8SUF4F,B00002N5N7,5.0,1370131200
A2GIRSSAWU5GZB,B00002N5N7,5.0,1368489600
A1CZL4V0I7DPD0,B00002N5N7,5.0,1323475200
A1H4R7TY2G50DH,B00002N5N7,5.0,1301356800
AJO3BPEMRYNEK,B00002N5N7,5.0,1356048000
A3L3UHM7N9ERP,B00002N5N7,5.0,1271462400
A114W1UNH4E775,B00002N5N7,5.0,1399852800
AXNU2DYIJ2DH1,B00002N5N7,3.0,1380240000
A2J4V3D7FXY1O7,B00002N5N7,5.0,1355097600
A2XMEC7IOETOTN,B00002N5N7,5.0,1385078400
AQB1E9ATKQB2V,B00002N5N7,5.0,1386806400
AIPYHAPGG29I8,B00002N5N7,5.0,1363737600
A3NZCP3D94SKVO,B00002N5N7,4.0,1347753600
A1ECNK8LYYPINL,B00002N5N7,5.0,1346371200
A2EU2DD8LJT35E,B00002N5N7,5.0,1376611200
A3F6GIXVE4KYJP,B00002N5N7,5.0,1315872000
A2ENC59IPSXYLV,B00002N5N7,5.0,1352505600
A3517BUZQXG2HY,B00002N5N7,5.0,1325894400
A33TLIL9R1RLOV,B00002N5N7,5.0,1317686400
A1L26MMWNPK5KX,B00002N5N7,5.0,1404086400
A2B5USYMX4YTUM,B00002N5N7,5.0,1389916800
A1FWZP5AHKU07K,B00002N5N7,5.0,1325289600
A2YTUNP1LDT3HR,B00002N5N7,5.0,1361404800
A2ASJGWRWTPBAK,B00002N5N7,5.0,1398988800
A3U3ZHB4K0D7WW,B00002N5N7,3.0,1330646400
AYJDROH19FJ8N,B00002N5N7,5.0,1365465600
A2R2S4ELQ0GBAA,B00002N5N7,5.0,1323043200
A241OUPRWOG9WF,B00002N5N7,5.0,1370736000
A2V4UP563JEPB,B00002N5N7,5.0,1267142400
A2LZSZ7JAR2ML,B00002N5N7,5.0,1319155200
A3BXNV7UX9MLAT,B00002N5N7,5.0,1372204800
A3FGTMTVOYENT1,B00002N5N7,5.0,1386288000
A2AFGNABEUWPCS,B00002N5N7,5.0,1380240000
A1878O39ZKG24F,B00002N5N7,5.0,1369785600
A3JBIHFIS9CAK0,B00002N5N7,5.0,1329091200
A1JUD8JHPZCRAG,B00002N5N7,5.0,1391817600
A389N9ERC6WU4K,B00002N5N7,5.0,1219276800
A1QC2NELKAS604,B00002N5N7,5.0,1319241600
A1VOCX4OXKTMY,B00002N5N7,5.0,1376092800
A3IYHC1XR7N08X,B00002N5N7,5.0,1325289600
A1D64L4OY4ZI2W,B00002N5N7,3.0,1314057600
AB6NQ8HLM5U1R,B00002N5N7,5.0,1306713600
A1R3M43PLUK9VA,B00002N5N7,5.0,1306195200
AO0AZ5SFUFOBQ,B00002N5N7,5.0,1390780800
AAJYM77KIP761,B00002N5N7,2.0,1353369600
A2FGDKBRWY72UC,B00002N5N7,5.0,1398124800
A2IDDA8HKZE73P,B00002N5N7,5.0,1336953600
AN6TWGIZXMYN3,B00002N5N7,5.0,1386633600
A3H9XKAJGKR8YR,B00002N5N7,5.0,1384387200
A7PQ2WHU2O4GO,B00002N5N7,5.0,1324944000
A1SFWVQ61HOF7G,B00002N5N7,5.0,1362960000
A3VKZXNIWI5H9C,B00002N5N7,4.0,1350691200
A5C2JDPTKZROK,B00002N5N7,5.0,1369785600
AEOA4OK112Q3A,B00002N5N7,5.0,1374278400
A1NXR7OB1OJKGL,B00002N5N7,5.0,1371772800
A1MJDXY7ZJ42NK,B00002N5N7,5.0,1298764800
A3VVD07TKJKWG1,B00002N5N7,5.0,1403481600
AAFH9Y1DCFWW1,B00002N5PY,4.0,1275436800
A19EQVD302D00T,B00002N5PY,5.0,1375747200
A1OIQ3Y3H8A0JJ,B00002N5VA,5.0,1357257600
A1WTQR0TYKU7D9,B00002N5VA,5.0,1387929600
A2ECIC3IN3NGDA,B00002N5VA,5.0,1394064000
A34KAE19JJFL71,B00002N5VE,5.0,1371945600
A1W93OLE7KT6V2,B00002N5ZD,5.0,1109721600
A176ZQ3J9GZ6W1,B00002N5ZD,5.0,1080172800
A29M80VDA0V6JY,B00002N5ZD,5.0,1183939200
ABU3UW6W7AES6,B00002N5ZD,2.0,1165708800
A20XUSMR8QIPXP,B00002N5ZD,5.0,1034812800
A2W4YG16SM5H7I,B00002N5ZD,5.0,1370995200
A2C6J6L6SY0ENF,B00002N5ZD,4.0,979689600
AU8DH6AOA1YOJ,B00002N5ZD,5.0,1079740800
A1G7US5ZUFVTC9,B00002N5ZD,5.0,994291200
A27U9C7X8MTLHP,B00002N5ZD,5.0,1292544000
AP6KAIH27A92E,B00002N5ZD,5.0,960422400
A2UM2V62XBGDMT,B00002N5ZD,5.0,953078400
A3MFBZPX3DYLS4,B00002N5ZD,5.0,1163548800
A1F7BWTD36CPPN,B00002N5ZD,5.0,1039478400
A1C92FZRF20YPM,B00002N5ZD,5.0,1213574400
A2MVXUK4Z5T8QC,B00002N62V,1.0,1104710400
A1ZLWWLZD5IRHX,B00002N62V,1.0,993427200
A3G53A7XYY7A6H,B00002N62V,5.0,991440000
A1FKV8T0U1BRVJ,B00002N62V,1.0,1049068800
A2YJ8E5NESR27W,B00002N62V,4.0,997574400
A3LTT71EQALMMQ,B00002N62V,3.0,987292800
AD7TUWLJJTUOV,B00002N62V,4.0,1025136000
A3FH19PEYE2KUX,B00002N62V,5.0,967075200
A1E8MZ6MF8KTAT,B00002N62V,5.0,987724800
A3EA6G3YZY51AY,B00002N62V,1.0,978393600
A1YQ66YE08Y5RB,B00002N62V,1.0,1031702400
A2X2UXJ61WYG6Q,B00002N62V,5.0,1174435200
AHXXHUC1JVGZ6,B00002N62V,1.0,993686400
AQ0XEJVHHD38I,B00002N62V,5.0,1127088000
AOO4CJZUEIWGZ,B00002N62V,3.0,947462400
ARWGRZLI3Q4T6,B00002N62V,4.0,955065600
A9X2S2KNLKVF3,B00002N62V,5.0,1057622400
A7DQSWQ01BOIP,B00002N62V,5.0,1056585600
A2KHXBULHQWB3X,B00002N62V,3.0,1049241600
AAHYITF2KI8Y5,B00002N64J,1.0,1273104000
A1P6UD5P0DM1MY,B00002N64J,5.0,1291248000
A1GA807YZA22Y2,B00002N64J,1.0,1368403200
ALU8RT25JPQLH,B00002N64J,5.0,1307232000
A3F65SE009R9H7,B00002N64J,1.0,1259625600
A145V7P7BLM01K,B00002N655,5.0,1331596800
A3F13LE7Z0BKE7,B00002N65A,5.0,1398643200
A16BZEC45QNMCA,B00002N65A,5.0,1366329600
A1GAMUMR5O52D5,B00002N65A,5.0,1403049600
A1MVD4TW2Z91O0,B00002N65A,5.0,1401235200
AH3AF74WV4N7Y,B00002N65A,5.0,1367452800
A3RX1FBYB91TJB,B00002N65C,5.0,1245456000
A2H127WOOK4R9,B00002N65C,5.0,1247875200
A2K1DQQH712LFS,B00002N65C,2.0,1246924800
AE3PYLFDXBFZF,B00002N65C,4.0,1248048000
A1GZ5MIU6H4QB1,B00002N65C,5.0,1242691200
A6M1EFM5RMWHR,B00002N65E,1.0,1370995200
A74HBTGUU0CYA,B00002N65F,5.0,1315785600
A3E976IDDXNKYG,B00002N65F,3.0,1403827200
A1GGZ69MNFGP2I,B00002N65F,5.0,1340064000
A1YL4BSQ1YR81O,B00002N65F,2.0,1384473600
A2ZBUI60PL4MDC,B00002N65J,3.0,1354579200
AV5KAXN5MPQ69,B00002N65K,5.0,1386633600
AU1X4RAH66U7B,B00002N65P,1.0,956620800
A3DRKCID19V2NL,B00002N667,1.0,1234224000
A250GXRD2BGQV2,B00002N667,4.0,1182470400
A3O38IAJREQ3RK,B00002N667,1.0,1252800000
A1EC6NINLHH1L2,B00002N66A,5.0,1335484800
ATGHT32SGLPQ1,B00002N66A,1.0,1308096000
A2K7T8XY7NXW53,B00002N66A,5.0,1361923200
A10AFWCE5YWN3X,B00002N66A,3.0,1359849600
A3PLLYA8OFMBWZ,B00002N66A,5.0,1381622400
A2TTKF60HNJXVU,B00002N66A,2.0,1358121600
A3FMNCZS0LXDQN,B00002N66A,5.0,1152489600
A1E17CLK6ZI9BN,B00002N66A,1.0,1379894400
A1JOFU1QTC57W0,B00002N66A,2.0,1336003200
A79M4404EOEOK,B00002N66A,5.0,1296259200
A3C89B73SDL3S,B00002N66A,4.0,1370217600
AE48CH1YRUKYV,B00002N66A,5.0,1338336000
A2UDZP5QV54SNK,B00002N66A,5.0,1338940800
A1A6AEXTM9RU7Q,B00002N66A,4.0,1339027200
A3UD1LL41VMU39,B00002N66A,4.0,1376611200
A1M1XR7TAZ4DPW,B00002N66A,4.0,1309219200
AHB0MXBA30NUY,B00002N66A,4.0,1246147200
A1OPPMZL6DVYHM,B00002N66A,5.0,1404950400
A35J3554A0E7ON,B00002N66A,5.0,1349481600
A2095YE9LN528H,B00002N66A,4.0,1385942400
A17H7RCE6OSP49,B00002N66A,5.0,1332892800
AQ0TI5SCB63SO,B00002N66A,5.0,1342483200
A1Q7YQ88Q6LIK6,B00002N66A,1.0,1302480000
A1G4BUE4P8G8RO,B00002N66A,5.0,1367625600
A3K7INLQBJ2020,B00002N66A,4.0,1338422400
AFBMN4359RH92,B00002N66A,5.0,1275264000
A3KD2I2UBWV1FI,B00002N66A,5.0,1368144000
A14KCWCRBU8PWM,B00002N66A,5.0,1363564800
A1BYSEN1UWRSUR,B00002N66A,1.0,1371945600
AA62K8PZFHMBE,B00002N66A,1.0,1402531200
A1A62HRKF3BGCL,B00002N66A,5.0,1399420800
A2M34YNOVWNVFY,B00002N66A,5.0,1350345600
A370CZCSFE4SMN,B00002N66A,5.0,1366934400
AM8WHIX0XEK9M,B00002N66A,1.0,1209427200
A3GX6YH8HBNTRM,B00002N66A,5.0,1364860800
AQE254IHCDIV5,B00002N66A,3.0,1370908800
A1CKZS8VFSZM46,B00002N66A,5.0,1388534400
A3JABLZKJPAEC0,B00002N66A,5.0,1357603200
A38HFHLWHRSV5C,B00002N66A,5.0,1401667200
A20RD4WDS9FCOG,B00002N66A,5.0,1361059200
A3CKOMIDOS54OG,B00002N66A,5.0,1366761600
A1N33W7VTQR0YH,B00002N66A,1.0,1183766400
A3OP4663MGAG9B,B00002N66A,5.0,1179273600
AFIFCPWN2003Q,B00002N66A,3.0,1292889600
A1425SBXGAVD6R,B00002N66A,4.0,1302480000
A3NBXK8YWMGHNF,B00002N66A,5.0,1275436800
A2UGNQQ479SX45,B00002N66A,5.0,1373068800
A31UX473DPLAOC,B00002N66A,4.0,1400976000
A3PSRUYH6PYC6U,B00002N66A,4.0,1348704000
A3VJWD0TT2OF4S,B00002N66A,5.0,1365292800
A393VKM7IC469W,B00002N66A,3.0,1349049600
A2TA5XCOSY1KBX,B00002N66A,4.0,1400371200
A13ZMTUVL268SP,B00002N66A,1.0,1370649600
A1I4DA6KAGM1VI,B00002N66A,3.0,1246060800
A3A91360I8F7DG,B00002N66A,4.0,1368403200
A3O8BTS7CNW1XY,B00002N66A,5.0,1311984000
AHWSH0N01WWZM,B00002N66A,3.0,1372636800
A3CGTFTYQ0PHQC,B00002N66A,4.0,1207526400
A138KXM14LIR4N,B00002N66A,5.0,1358035200
A3OD7IIQBNTB0D,B00002N66A,1.0,1316131200
AREIPB9HMHE0I,B00002N66A,4.0,1400025600
A1NBOXOS3SKB1O,B00002N66A,5.0,1377734400
AIB0C2CR1F5HS,B00002N66A,5.0,1372550400
A2IBBVUWGY0EO5,B00002N66A,5.0,1393545600
A1WC2H07X9FYA,B00002N66A,4.0,1303862400
A1Y4M2NDM070X2,B00002N66A,5.0,1212969600
A33SO2R8GKL7JQ,B00002N66A,5.0,1368489600
A2HCJWST1P5979,B00002N66A,2.0,1278115200
A3S2EPTOH6HL8K,B00002N66A,5.0,1370563200
A214C27AJPPKTQ,B00002N66A,4.0,1372118400
A33857RJBOI8PM,B00002N66A,5.0,1374883200
A1ECBY509HQU60,B00002N66A,3.0,1246147200
A1R5NCH18X4N2C,B00002N66A,3.0,1370390400
A23MLTOJBKKF39,B00002N66A,5.0,1401667200
A1JNPKUX25GW3X,B00002N66A,5.0,1306022400
A3PEZ0WPK0TYRF,B00002N66A,5.0,1306022400
A1BAX51GZN9P93,B00002N66A,5.0,1320451200
A1FQL5HB9H5O9K,B00002N66A,5.0,1402876800
A3D7YCW3JGP6CX,B00002N66A,5.0,1369958400
A2ZAVSIIMK3PKI,B00002N66A,5.0,1397606400
A3J914VLVXX6TP,B00002N66A,5.0,1337299200
A3BXPQIU3KT29I,B00002N66A,1.0,1238544000
A185CHFJGFVHRU,B00002N66A,4.0,1395532800
A3C4TK8M9MOKUG,B00002N66A,5.0,1369785600
A23N80U9SPZCE2,B00002N66A,3.0,1401062400
A3K5V3ZJVI4L8,B00002N66A,5.0,1362441600
A19C9AD6STPQCD,B00002N66A,5.0,1357862400
A2P7HH8C24YG7,B00002N66A,3.0,1209340800
A1YU0GUCK7IPC0,B00002N66A,4.0,1372723200
A2Q9G20IMVTVQL,B00002N66A,4.0,1305849600
ACNVVG9QLTSD7,B00002N66A,5.0,1374451200
A17D1G0XKXISPY,B00002N66A,5.0,1338595200
A16X7JXX7IMWZZ,B00002N66A,5.0,1325030400
A1I9W37JT6P452,B00002N66A,3.0,1340150400
A37ODAPH5MKRO0,B00002N66A,3.0,1266278400
A1CVVCEX5F9HRE,B00002N66A,5.0,1346025600
ARYCNWM9MC30O,B00002N66A,4.0,1384300800
A3H6889WC0BBJY,B00002N66A,5.0,1400198400
A1KD3CNRRV7KN0,B00002N66A,3.0,1368662400
AE3J6VOB50POI,B00002N66A,5.0,1271116800
A119GRI6GTKBNI,B00002N66A,4.0,1367452800
A2SKVXHY8O1XKC,B00002N66A,1.0,1398729600
A2BVV6IO52UMNB,B00002N66A,5.0,1213056000
ARPOFWQO6ZWPW,B00002N66A,3.0,1371427200
AY69LO2VLZ1BU,B00002N66A,5.0,1402185600
A6021F3P4T1HV,B00002N66A,5.0,1255564800
A1BU6PX1GRN8XA,B00002N66A,2.0,1246406400
A1V2JT60DI5U1T,B00002N66A,4.0,1151280000
A2EN56VU94ENP2,B00002N66A,5.0,1356825600
A2KR7F9Z90AB5D,B00002N66A,4.0,1370044800
A1EXTZFHQQQXB7,B00002N66A,5.0,1337731200
A3MFDGIT3YBMGS,B00002N66A,5.0,1403568000
A22V3DCJR2ACX0,B00002N66A,5.0,1373760000
AQSDF92MHG5RC,B00002N66A,2.0,1346371200
A2UM9FOFJ2DEDJ,B00002N66A,5.0,1372291200
A1LALGJXOZ537P,B00002N66A,5.0,1307059200
A2IWBIZ54Y1HO2,B00002N66A,5.0,1373760000
A3XGM5F2F2OCC,B00002N66A,5.0,1307750400
AQ737MD85AQAI,B00002N66A,2.0,1385856000
A32FP8H7YLJLNP,B00002N66A,5.0,1232582400
A11YKHECDV0ZTC,B00002N66A,3.0,1336521600
A3XXPZKNQ2HT3,B00002N66A,5.0,1341273600
A1C3JMK7MWLHKU,B00002N66A,5.0,1396224000
A2QJWKV2MRK2ZM,B00002N66A,5.0,1364428800
AUIYLQME14E2Q,B00002N66A,1.0,1337126400
AEMPLMF74LLYQ,B00002N66A,2.0,1404345600
A3RY7BSOV0JM1Z,B00002N66A,5.0,1223942400
A2FXG85BJWB946,B00002N66A,4.0,1398211200
A2YFQNCI2W310V,B00002N66A,5.0,1341446400
A1EVGFXZ0ZCL4T,B00002N66A,2.0,1164585600
ABA878904O7KC,B00002N66A,5.0,1403740800
A1ZF7W1RSBRFKR,B00002N66A,5.0,1372723200
ARJA6V5O6J22E,B00002N66A,1.0,1275177600
A1412TAHRV3TTF,B00002N66A,5.0,1306540800
A3DLP05A62695Y,B00002N66A,4.0,1400284800
A1CG3GKCSSVKXD,B00002N66A,5.0,1371081600
A2Y8JEV1H3XZVN,B00002N66A,3.0,1388275200
A3R85OOX9FWFHX,B00002N66A,3.0,1369785600
A33MMGX2CPUDW1,B00002N66A,5.0,1392422400
A2OE4DQB9DFMRA,B00002N66A,5.0,1362528000
ARQ40Y6NR5CD2,B00002N66A,3.0,1379203200
A21FPFJNQN7BG8,B00002N66A,4.0,1344297600
AE152P70TOK24,B00002N66A,5.0,1242777600
A2YD3HWYVVOSEA,B00002N66A,5.0,1270684800
A1JD7QZIHWXIOB,B00002N66A,5.0,1368057600
A22C6KHQNQOJO3,B00002N66A,5.0,1311206400
A3PI74ABND03B3,B00002N66A,5.0,1305244800
AMOOQ39XM6JN5,B00002N66A,2.0,1370995200
A2HCLMKOQE2XGD,B00002N66A,4.0,1275004800
A2IE4P1XVLLH8O,B00002N66A,5.0,1243728000
AGJ7ZPB6JS6S7,B00002N66A,5.0,1372896000
A2J9J9F1P0I9JK,B00002N66A,3.0,1401148800
A35N7K1CXAWCCJ,B00002N66A,5.0,1211068800
A1YJAD9VJBGMJV,B00002N66A,5.0,1400630400
A3BT3N82L35SV7,B00002N66A,4.0,1358726400
A1X00OCPKV9TXS,B00002N66A,3.0,1336003200
A2XIS9ODD4VLRW,B00002N66A,4.0,1358208000
A1VDLJL3UVMH25,B00002N66A,1.0,1402012800
ARXWC5T4CCE3B,B00002N66A,4.0,1388448000
A2HXA0MFFEK360,B00002N66A,3.0,1359763200
A23LD7XHBMRTIC,B00002N66A,1.0,1209427200
A1YJJ9X6TF2536,B00002N66A,4.0,1208908800
A2Q3AA03ZIXEHR,B00002N66A,5.0,1309824000
A3KGLQGHW7KJBQ,B00002N66A,4.0,1339632000
A11TUFEMUZLL7T,B00002N66A,4.0,1386547200
A25OJHJYU7T16A,B00002N66A,4.0,1278979200
A3VPX56LL4SQVI,B00002N66A,1.0,1241827200
A2AYG1W8C2PBPS,B00002N66A,4.0,1389484800
A2T364V3GS8LP4,B00002N66A,4.0,1357084800
A2CPFTBW1U6CP8,B00002N66A,3.0,1301961600
A186ZAWVB5W5BC,B00002N66A,2.0,1374105600
A3FBUCZT2DGYVO,B00002N66A,5.0,1371254400
A33UL9XBKBB2H9,B00002N66A,5.0,1309651200
A1CGLXTFRNTA4I,B00002N66A,5.0,1360713600
A37FYFKUMNSD41,B00002N66A,5.0,1373760000
A5ODYKI8SGBW5,B00002N66A,5.0,1214092800
A2WY6CM0JMAHFR,B00002N66A,5.0,1261180800
A2LIRDGWNKER58,B00002N66A,5.0,1390348800
A3RYTAXU6WJKDZ,B00002N66A,5.0,1309305600
A2IN3CY7H6YCRJ,B00002N66A,4.0,1306281600
A2KP7EEAE6NTTI,B00002N66A,4.0,1340668800
AHKFMIMROKK3Y,B00002N66A,5.0,1402099200
AX70Y3A6LYQ8J,B00002N66A,5.0,1368057600
AWKAULB8HLLMV,B00002N66A,4.0,1142035200
ARSU13TUVMRTO,B00002N66A,4.0,1401840000
AVPZ61544AFHB,B00002N66A,5.0,967852800
A38T0AG3GK38N1,B00002N66A,3.0,1356998400
A3FVFE5W072GR0,B00002N66A,5.0,1259798400
A8VMEVFHRMDI3,B00002N66A,5.0,1372291200
A38NKVAERS6IHA,B00002N66A,5.0,1365206400
A64WJN62CVGQO,B00002N66A,5.0,1389225600
AEGXWX9U0ZGTQ,B00002N66A,5.0,1403481600
A3LOLSDF173DM0,B00002N66A,3.0,1308268800
A3MPARO5Q7SU7F,B00002N66A,5.0,1358812800
A27ZA1IU9VQV3E,B00002N66A,4.0,1388793600
A3EH7HYXT4FFG1,B00002N66A,5.0,1400976000
A1K42LD4SVRZ6A,B00002N66A,4.0,1374451200
A2NWSLEDOSA3TJ,B00002N66A,5.0,1339977600
AXSCW3OSGXVXY,B00002N66A,4.0,1287792000
A34IRCG1HH6HIH,B00002N66A,5.0,1362528000
A1NGDWOLQEUXFJ,B00002N66A,2.0,1307577600
A9PNURNT7232F,B00002N66A,5.0,1368057600
A2XZPB0KCXNG1F,B00002N66A,4.0,1278547200
AJBL925G7K1A9,B00002N66A,5.0,1336521600
A1EV2CICMZ17RL,B00002N66A,4.0,1306886400
A2SIYOC0I5DXRB,B00002N66A,5.0,1204934400
A3PJXLXFSAA5XR,B00002N66A,5.0,1345248000
A1B3GNO9C8YX0N,B00002N66C,5.0,953078400
A3IT9B33NWYQSL,B00002N66D,5.0,1354665600
A2WV03EHKGWMQ7,B00002N66D,5.0,1247443200
A2CCRAUCTC8UXU,B00002N66D,5.0,1317686400
A175I1KF5LY111,B00002N66D,5.0,1335398400
AN3OOGHWMLLG9,B00002N66D,5.0,1269820800
AHOGJJNDZT0I5,B00002N66D,5.0,1368748800
A3RFVUARZHEYT8,B00002N66D,5.0,1328832000
A2HS8YQ8NJWS9T,B00002N66D,5.0,1247356800
ABYN199NAWKB0,B00002N66D,5.0,1362096000
A3299SY08E280Q,B00002N66D,4.0,1403222400
ACKXPR29PVFFX,B00002N66D,4.0,1402444800
A1IJ183WVACP8T,B00002N66D,5.0,1390608000
AXA2MBR1CGFDP,B00002N66D,5.0,1367452800
A3J4COY1T7F46L,B00002N66D,5.0,1332374400
A20K07R8ZHNK4U,B00002N66D,5.0,1374192000
AL4RTCG2FKWS6,B00002N66D,5.0,1393545600
A1L2TRS4JCGQUU,B00002N66D,5.0,1363392000
A3KYNH8TYZPOB,B00002N66D,5.0,1259366400
ATMVD7OBUUAGL,B00002N66D,5.0,1301529600
A6VA04OHPPSA,B00002N66D,5.0,1289088000
A12RKBBEOVEVYZ,B00002N66D,5.0,1402012800
A14RV3Y4KDDAFH,B00002N66D,5.0,1349654400
ADAD7VWGEP7MK,B00002N66D,3.0,1277942400
A3FGPEJKE926L4,B00002N66D,5.0,1369699200
A2K4OXZEQUCWOA,B00002N66D,5.0,1386892800
A25N09NPQ0VMJ8,B00002N66D,5.0,1339632000
A1573YHLM3KRWS,B00002N66D,5.0,1264550400
A15WNK6SG97K5D,B00002N66D,4.0,1368057600
ADLMGH2C7087,B00002N66D,3.0,1384819200
A27C3YH5M5F6NV,B00002N66D,4.0,1395878400
A2RHGHSZC1SO9T,B00002N66D,4.0,1327795200
A3EYUEKI6ZZPKM,B00002N66D,5.0,1399852800
A230VGN0XLWPUH,B00002N66D,5.0,1347148800
AW8CAEJ3XDLYY,B00002N66D,5.0,1367107200
A3IN7ZLJ86RT3,B00002N66D,5.0,1338768000
A1H4JAGL7V1LDD,B00002N66D,5.0,1355097600
APV9BOITWUOFU,B00002N66D,5.0,1235865600
A147AFM9HH9L0D,B00002N66D,5.0,1344211200
A21OOAU8C78YR8,B00002N66D,5.0,1385856000
A3NIGALW8QFMTD,B00002N66D,5.0,1381190400
A2R27C1S5QB4E8,B00002N66D,5.0,1369267200
A2C45TPNFLQ9SV,B00002N66D,1.0,1365033600
AYJL2XZF65GMP,B00002N66D,5.0,1356998400
A3NB7OC237IOWA,B00002N66D,5.0,1246838400
A1F8WF0KYIK3IX,B00002N66D,5.0,1239494400
A1RWGSOHM1UPGX,B00002N66D,5.0,1349395200
A9E24BZCRYMYQ,B00002N66D,5.0,1325030400
A3P30GCL977CST,B00002N66D,5.0,1371340800
AVL4NXYE9Z9UZ,B00002N66D,5.0,1379548800
AY5SO5TQMWVM2,B00002N66D,3.0,1369612800
A37T341IPA8VZN,B00002N66D,5.0,1364515200
AFNPG3CDKUSGN,B00002N66D,5.0,1254182400
A1WNI4TZYCUJHU,B00002N66D,5.0,1319414400
A1JO6JEI41707,B00002N66D,5.0,1365638400
A1HY3URPDL2Y8L,B00002N66D,5.0,1247097600
ALQT2KVIQ7WYS,B00002N66D,5.0,1357430400
ANM5FOMZ9JK2B,B00002N66D,4.0,1386633600
A2UTNAHP29DQNF,B00002N66D,5.0,1333152000
AKX9EQ37PAYMY,B00002N66D,5.0,1275436800
AT0WXN2Q0EDKU,B00002N66D,4.0,1356652800
A1EVH264QG9A60,B00002N66D,5.0,1278115200
A7YIFJRAPZRQN,B00002N66D,3.0,1390262400
A2UQ0A9S5ONPXY,B00002N66D,5.0,1365379200
A12Z780MEYINAQ,B00002N66D,5.0,1222041600
AYFQDNFH89JT,B00002N66D,5.0,1348531200
APGRWZP02N8QY,B00002N66D,5.0,1380067200
A2E5XXXC07AGA7,B00002N66D,5.0,1354492800
AE5BVOWMW8CHG,B00002N66D,5.0,1315785600
A2LWCFVC28IDDY,B00002N66D,5.0,1278288000
A1PFBCA0O38LS9,B00002N66D,5.0,1378512000
A10EZYVJHR616O,B00002N66D,5.0,1299024000
A1YS7BO042YTZZ,B00002N66D,4.0,1345507200
A1BC1RNVARMWW5,B00002N66D,5.0,1383523200
A35WHT8C71040W,B00002N66D,5.0,1336176000
A118BC4THAUC1R,B00002N66D,5.0,1360713600
A2TYD5BZEYM2LC,B00002N66D,5.0,1285804800
A3QFW848KPIUFV,B00002N66D,5.0,1397260800
AKZT6YZVY4VAT,B00002N66D,5.0,1344211200
A1H4WEPAO3QEOK,B00002N66D,4.0,1340496000
A2UQSEIX8DN5KH,B00002N66D,2.0,1369180800
A4CVAQQ32HBQB,B00002N66D,5.0,1229904000
APD9CG7QKHINH,B00002N66D,5.0,1242604800
A3UCH70L22SV5I,B00002N66D,4.0,1367539200
A1TJT6GXDGNN8Q,B00002N66D,3.0,1365638400
AD36IH9F7TPEK,B00002N66D,5.0,1337472000
A2QGVE3F3CJRHM,B00002N66D,5.0,1223337600
A1TC98ZYIPLCIS,B00002N66D,5.0,1356480000
AD43D9CZPH46C,B00002N66D,5.0,1311206400
AOEWN8H6WIOD6,B00002N66D,5.0,1313971200
A1PYV129O7PZCF,B00002N66D,5.0,1374451200
AY04MZMS23B1I,B00002N66D,5.0,1287964800
A11YDP3ICCN9E2,B00002N66D,5.0,1404345600
A3W551JG8VFH1D,B00002N66D,3.0,1381104000
A2CGA7DAGSCMER,B00002N66D,4.0,1306108800
A19Y946OXHEN8M,B00002N66D,1.0,1331942400
A14UOWJ7SMSC6O,B00002N66D,5.0,1384128000
A5SKJD7KXUWA,B00002N66D,5.0,1373155200
AWPIVAEUDQKEC,B00002N66D,5.0,1398902400
A24LSBIX9L12KT,B00002N66D,5.0,1310342400
ARL1NYHD802U9,B00002N66D,5.0,1305763200
A3CEQ6UKUGPX3G,B00002N66D,5.0,1359072000
A27I6AY0VREC0N,B00002N66D,5.0,1193011200
A2LGL72EFFBO0W,B00002N66D,5.0,1403395200
A26TJ7J7FDSOAB,B00002N66D,5.0,1242777600
ALUQESCAJMP8C,B00002N66D,5.0,1365811200
A36MEA57UK1IYF,B00002N66D,5.0,1277856000
A2SOLZN3T0UB21,B00002N66D,5.0,1372377600
A2NF4QF0KEQTMN,B00002N66D,5.0,1330387200
A2A39Q8H0N03CQ,B00002N66D,4.0,1297296000
A1NOWQVTNBV7I2,B00002N66D,5.0,1371254400
APMTVZ62YWZRD,B00002N66D,5.0,1388188800
A231SI9FG76RIU,B00002N66D,4.0,1299974400
AZQNO6R1IU8N5,B00002N66D,1.0,1345161600
A1OSRQS6YRRV8E,B00002N66D,2.0,1339459200
AAJTYDTAUQJJ5,B00002N66D,5.0,1364688000
A3ME6T538ERZ8X,B00002N66D,5.0,1394928000
A1MAJNFKYZE9Z6,B00002N66D,5.0,1329782400
A6A93TRZDTZ1L,B00002N66D,3.0,1366588800
A2YTB5FW1T74XS,B00002N66D,5.0,1240876800
ARI5FMHR9ZB1T,B00002N66D,5.0,1245888000
ALXODO9BXLI4T,B00002N66D,5.0,1382745600
A2R12KOJIHYMAU,B00002N66D,4.0,1365638400
A2X4EVJGAD9WGA,B00002N66D,5.0,1284681600
A26K4ME3IQNKYA,B00002N66D,4.0,1303171200
AIY1TMQNCMLKI,B00002N66D,5.0,1270598400
A3UN0625T54MFI,B00002N66D,4.0,1292976000
A1ZD6G19T4XJZO,B00002N66D,5.0,1346630400
A3IIIHQ8UOH8C5,B00002N66D,5.0,1236816000
A2M3IIF3VGMBQR,B00002N66D,5.0,1370390400
A2QN0AISC2JIE,B00002N66D,5.0,1395014400
A13JGYVJPG22K8,B00002N66D,5.0,1284595200
A1XGIBGZ91T43Q,B00002N66D,5.0,1307404800
ASIHH20609HKH,B00002N66D,5.0,1371340800
A3N5P5K5161J8J,B00002N66D,5.0,1240531200
A3C7EAYEAN0V9C,B00002N66D,4.0,1367712000
A1KJE1W8GEC8H2,B00002N66D,5.0,1365984000
A56YPKS2UDC0G,B00002N66D,4.0,1334188800
A14NDHWDB9CLXU,B00002N66D,5.0,1195084800
A1PSDV8RGXSRHG,B00002N66D,5.0,1351555200
A2YSB0NIFLLEMB,B00002N66D,5.0,1284768000
A2O0UAK9BT7DGC,B00002N66D,4.0,1337731200
A2E6AHFDJ3JBAZ,B00002N66D,5.0,1374710400
A6D3C69L7NN3Y,B00002N66D,5.0,1284508800
A1RWJ6FBGHXWK8,B00002N66D,5.0,1255478400
A33VJCFX88JDMP,B00002N66D,5.0,1376524800
A17SUHNPXQZZBT,B00002N66D,5.0,1367366400
A1HJ6537S7UQE4,B00002N66D,2.0,1271635200
A1RE1I1X4I5JQR,B00002N66D,5.0,1369526400
A1I0G28WUSF279,B00002N66D,5.0,1265932800
A3L4R979K8EJZD,B00002N66D,4.0,1348531200
A3G0JKMRJDQSRA,B00002N66D,4.0,1387670400
A26BXWOTZ8RN4X,B00002N66D,5.0,1369008000
A32OJ48PBFNBK2,B00002N66D,4.0,1353456000
ASR7ITCMVY7VG,B00002N66D,5.0,1394841600
AJSKEJQ5UXGT6,B00002N66D,4.0,1384560000